year,month,area,head_total
2005,1,"H004",1
2005,1,"M19A",2
2005,1,"M19B",22
2005,1,"P013",2
2005,1,"P016",1
2005,1,"P017",1
2005,1,"P018",1
2005,1,"P020",26
2005,2,"H004",4
2005,2,"M19A",3
2005,2,"M19B",14
2005,2,"P013",1
2005,2,"P016",1
2005,2,"P017",3
2005,2,"P018",8
2005,2,"P020",19
2005,2,"P028",3
2005,3,"H004",1
2005,3,"H02E",1
2005,3,"M19A",1
2005,3,"M19B",14
2005,3,"P016",1
2005,3,"P017",1
2005,3,"P018",4
2005,3,"P020",1
2005,3,"P028",2
2005,4,"H004",1
2005,4,"M19B",5
2005,4,"M23B",6
2005,4,"P013",1
2005,4,"P014",1
2005,4,"P015",2
2005,4,"P016",1
2005,4,"P018",3
2005,4,"P020",5
2005,4,"P028",1
2005,4,"P29M",2
2005,5,"H001",67
2005,5,"H003",1
2005,5,"H004",8
2005,5,"H006",3
2005,5,"H02W",17
2005,5,"H23B",1
2005,5,"M19B",12
2005,5,"M23B",18
2005,5,"P012",2
2005,5,"P013",4
2005,5,"P014",2
2005,5,"P015",1
2005,5,"P016",2
2005,5,"P017",2
2005,5,"P018",5
2005,5,"P020",4
2005,5,"P024",4
2005,5,"P025",4
2005,5,"P028",1
2005,5,"P123",2
2005,5,"P124",8
2005,5,"P127",1
2005,6,"H001",101
2005,6,"H003",1
2005,6,"H004",20
2005,6,"H006",26
2005,6,"H007",1
2005,6,"H009",5
2005,6,"H024",2
2005,6,"H025",1
2005,6,"H027",6
2005,6,"H02W",30
2005,6,"H23B",3
2005,6,"M19B",8
2005,6,"M23A",3
2005,6,"M23B",85
2005,6,"P011",1
2005,6,"P012",15
2005,6,"P013",17
2005,6,"P014",3
2005,6,"P015",2
2005,6,"P017",9
2005,6,"P018",2
2005,6,"P020",37
2005,6,"P021",3
2005,6,"P024",4
2005,6,"P025",8
2005,6,"P026",2
2005,6,"P027",2
2005,6,"P028",2
2005,6,"P121",1
2005,6,"P123",75
2005,6,"P124",32
2005,6,"P125",4
2005,6,"P127",11
2005,6,"P29M",1
2005,7,"H001",40
2005,7,"H004",5
2005,7,"H006",10
2005,7,"H007",33
2005,7,"H008",6
2005,7,"H009",25
2005,7,"H010",1
2005,7,"H011",1
2005,7,"H024",1
2005,7,"H025",2
2005,7,"H027",1
2005,7,"H02W",7
2005,7,"H23B",3
2005,7,"M19B",12
2005,7,"M23A",17
2005,7,"M23B",84
2005,7,"P012",50
2005,7,"P013",21
2005,7,"P014",6
2005,7,"P017",13
2005,7,"P018",2
2005,7,"P020",66
2005,7,"P022",2
2005,7,"P024",6
2005,7,"P025",71
2005,7,"P026",1
2005,7,"P027",9
2005,7,"P028",2
2005,7,"P121",28
2005,7,"P123",149
2005,7,"P124",12
2005,7,"P125",8
2005,7,"P126",2
2005,7,"P127",16
2005,7,"P29M",1
2005,8,"H001",45
2005,8,"H007",33
2005,8,"H008",12
2005,8,"H009",24
2005,8,"H010",1
2005,8,"H011",2
2005,8,"H024",1
2005,8,"H027",5
2005,8,"H02W",15
2005,8,"H23B",11
2005,8,"M19B",9
2005,8,"M23A",64
2005,8,"M23B",51
2005,8,"P010",1
2005,8,"P012",34
2005,8,"P013",35
2005,8,"P014",6
2005,8,"P017",2
2005,8,"P018",1
2005,8,"P020",156
2005,8,"P021",5
2005,8,"P024",1
2005,8,"P025",54
2005,8,"P027",9
2005,8,"P028",2
2005,8,"P121",26
2005,8,"P123",219
2005,8,"P124",15
2005,8,"P125",44
2005,8,"P126",1
2005,8,"P127",15
2005,8,"P29M",2
2005,9,"H001",37
2005,9,"H008",1
2005,9,"H009",8
2005,9,"H02W",7
2005,9,"H23B",2
2005,9,"M19B",3
2005,9,"M23A",15
2005,9,"M23B",19
2005,9,"P012",9
2005,9,"P013",21
2005,9,"P014",5
2005,9,"P016",1
2005,9,"P018",1
2005,9,"P020",35
2005,9,"P021",1
2005,9,"P024",2
2005,9,"P025",9
2005,9,"P026",1
2005,9,"P027",1
2005,9,"P121",1
2005,9,"P123",77
2005,9,"P124",5
2005,9,"P125",2
2005,9,"P127",2
2005,10,"H006",1
2005,10,"H23B",1
2005,10,"P018",1
2005,10,"P020",6
2005,10,"P024",11
2005,10,"P028",1
2005,10,"P123",1
2005,10,"P124",2
2005,11,"H006",3
2005,11,"H024",3
2005,11,"M19B",18
2005,11,"P012",1
2005,11,"P013",13
2005,11,"P020",8
2005,11,"P024",8
2005,11,"P025",1
2005,11,"P028",1
2005,11,"P29M",2
2005,12,"H004",2
2005,12,"M19B",43
2005,12,"M23B",1
2005,12,"P013",1
2005,12,"P017",2
2005,12,"P018",1
2005,12,"P020",27
2005,12,"P123",11
2005,12,"P29M",1
2006,1,"M19B",26
2006,1,"P016",5
2006,1,"P017",3
2006,1,"P018",1
2006,2,"H004",1
2006,2,"M19B",12
2006,2,"P013",2
2006,2,"P014",1
2006,2,"P015",2
2006,2,"P016",1
2006,2,"P017",5
2006,2,"P018",3
2006,2,"P024",1
2006,2,"P028",1
2006,3,"H02W",1
2006,3,"M19B",11
2006,3,"M23B",5
2006,3,"P013",1
2006,3,"P018",7
2006,3,"P020",4
2006,3,"P028",2
2006,3,"P123",1
2006,4,"M054",1
2006,4,"M19B",10
2006,4,"M23B",18
2006,4,"P012",1
2006,4,"P013",2
2006,4,"P014",1
2006,4,"P016",2
2006,4,"P017",1
2006,4,"P018",13
2006,4,"P020",9
2006,4,"P024",1
2006,4,"P025",4
2006,4,"P027",1
2006,4,"P028",6
2006,4,"P123",4
2006,4,"P124",1
2006,4,"P127",1
2006,5,"H001",28
2006,5,"H004",2
2006,5,"H006",9
2006,5,"H010",1
2006,5,"H02W",9
2006,5,"M19B",16
2006,5,"M23B",12
2006,5,"P013",4
2006,5,"P014",1
2006,5,"P016",1
2006,5,"P017",3
2006,5,"P018",6
2006,5,"P020",13
2006,5,"P024",2
2006,5,"P027",5
2006,5,"P028",3
2006,5,"P123",28
2006,5,"P124",4
2006,5,"P29M",2
2006,6,"H001",51
2006,6,"H003",2
2006,6,"H004",3
2006,6,"H006",22
2006,6,"H007",2
2006,6,"H008",2
2006,6,"H011",1
2006,6,"H025",2
2006,6,"H027",3
2006,6,"H02W",24
2006,6,"M19B",14
2006,6,"M23A",4
2006,6,"M23B",109
2006,6,"P012",16
2006,6,"P013",19
2006,6,"P014",8
2006,6,"P016",1
2006,6,"P017",4
2006,6,"P018",2
2006,6,"P020",35
2006,6,"P024",15
2006,6,"P025",8
2006,6,"P027",25
2006,6,"P028",3
2006,6,"P123",162
2006,6,"P124",26
2006,6,"P125",7
2006,6,"P127",15
2006,6,"P29M",1
2006,7,"H001",28
2006,7,"H003",4
2006,7,"H004",1
2006,7,"H006",5
2006,7,"H007",29
2006,7,"H008",9
2006,7,"H009",16
2006,7,"H011",1
2006,7,"H024",3
2006,7,"H025",1
2006,7,"H027",8
2006,7,"H02W",67
2006,7,"H23B",11
2006,7,"M19B",61
2006,7,"M23B",69
2006,7,"P012",44
2006,7,"P013",24
2006,7,"P014",12
2006,7,"P015",6
2006,7,"P017",23
2006,7,"P018",6
2006,7,"P020",87
2006,7,"P024",11
2006,7,"P025",52
2006,7,"P026",1
2006,7,"P027",9
2006,7,"P028",2
2006,7,"P121",2
2006,7,"P123",233
2006,7,"P124",50
2006,7,"P125",50
2006,7,"P126",1
2006,7,"P127",28
2006,7,"P29M",1
2006,8,"H001",18
2006,8,"H003",2
2006,8,"H004",5
2006,8,"H007",15
2006,8,"H008",28
2006,8,"H009",60
2006,8,"H010",1
2006,8,"H011",3
2006,8,"H024",2
2006,8,"H026",1
2006,8,"H027",1
2006,8,"H02W",31
2006,8,"H23B",12
2006,8,"M19B",8
2006,8,"M23A",50
2006,8,"M23B",91
2006,8,"P001",1
2006,8,"P012",19
2006,8,"P013",40
2006,8,"P014",8
2006,8,"P015",4
2006,8,"P017",3
2006,8,"P018",11
2006,8,"P020",132
2006,8,"P021",1
2006,8,"P024",9
2006,8,"P025",74
2006,8,"P026",3
2006,8,"P027",5
2006,8,"P121",3
2006,8,"P123",110
2006,8,"P124",36
2006,8,"P125",51
2006,8,"P126",1
2006,8,"P127",12
2006,9,"H001",25
2006,9,"H003",1
2006,9,"H007",1
2006,9,"H009",3
2006,9,"H011",1
2006,9,"H024",1
2006,9,"H027",1
2006,9,"H02W",4
2006,9,"H23B",2
2006,9,"M19B",5
2006,9,"M23A",31
2006,9,"M23B",30
2006,9,"P012",5
2006,9,"P013",16
2006,9,"P014",14
2006,9,"P018",1
2006,9,"P020",74
2006,9,"P025",6
2006,9,"P123",45
2006,9,"P125",2
2006,9,"P127",5
2006,10,"H001",3
2006,10,"M19B",6
2006,10,"P012",1
2006,10,"P014",1
2006,10,"P020",56
2006,10,"P025",2
2006,10,"P121",1
2006,10,"P124",1
2006,11,"M19B",12
2006,11,"P020",18
2006,12,"H004",1
2006,12,"M19B",31
2006,12,"P017",1
2006,12,"P018",1
2006,12,"P020",48
2006,12,"P024",5
2006,12,"P027",1
2007,1,"H004",1
2007,1,"M19B",24
2007,1,"P013",4
2007,1,"P015",1
2007,1,"P017",2
2007,1,"P018",5
2007,1,"P020",6
2007,2,"H02E",1
2007,2,"M19B",25
2007,2,"P014",1
2007,2,"P017",1
2007,2,"P018",8
2007,2,"P020",4
2007,2,"P29M",1
2007,3,"H004",1
2007,3,"M19B",22
2007,3,"M23B",1
2007,3,"P013",4
2007,3,"P016",1
2007,3,"P017",6
2007,3,"P018",6
2007,3,"P020",15
2007,4,"H004",2
2007,4,"M19B",21
2007,4,"M23B",3
2007,4,"P013",1
2007,4,"P016",3
2007,4,"P017",6
2007,4,"P018",8
2007,4,"P020",7
2007,4,"P021",1
2007,4,"P025",1
2007,4,"P027",2
2007,4,"P028",3
2007,4,"P127",5
2007,5,"H001",28
2007,5,"H003",1
2007,5,"H004",8
2007,5,"H02W",31
2007,5,"M19A",1
2007,5,"M19B",11
2007,5,"M23B",28
2007,5,"P012",1
2007,5,"P013",8
2007,5,"P014",1
2007,5,"P015",7
2007,5,"P016",3
2007,5,"P017",14
2007,5,"P018",18
2007,5,"P020",15
2007,5,"P024",6
2007,5,"P025",9
2007,5,"P027",2
2007,5,"P123",41
2007,5,"P124",11
2007,5,"P127",3
2007,5,"P29M",1
2007,6,"H001",54
2007,6,"H003",1
2007,6,"H004",6
2007,6,"H006",17
2007,6,"H008",1
2007,6,"H024",3
2007,6,"H025",1
2007,6,"H02W",84
2007,6,"H23B",6
2007,6,"M19B",17
2007,6,"M23B",469
2007,6,"P012",2
2007,6,"P013",46
2007,6,"P014",10
2007,6,"P015",8
2007,6,"P016",7
2007,6,"P017",23
2007,6,"P018",6
2007,6,"P020",152
2007,6,"P024",29
2007,6,"P025",18
2007,6,"P026",10
2007,6,"P027",20
2007,6,"P028",2
2007,6,"P123",91
2007,6,"P124",184
2007,6,"P125",1
2007,6,"P126",2
2007,6,"P127",18
2007,7,"H001",32
2007,7,"H003",2
2007,7,"H004",4
2007,7,"H006",7
2007,7,"H007",2
2007,7,"H008",8
2007,7,"H009",7
2007,7,"H011",1
2007,7,"H025",4
2007,7,"H027",5
2007,7,"H02W",46
2007,7,"H23B",4
2007,7,"M19B",38
2007,7,"M23A",18
2007,7,"M23B",297
2007,7,"P012",14
2007,7,"P013",22
2007,7,"P014",14
2007,7,"P015",3
2007,7,"P016",4
2007,7,"P017",22
2007,7,"P018",1
2007,7,"P020",222
2007,7,"P024",23
2007,7,"P025",96
2007,7,"P026",14
2007,7,"P027",19
2007,7,"P028",1
2007,7,"P101",1
2007,7,"P121",10
2007,7,"P123",287
2007,7,"P124",58
2007,7,"P125",21
2007,7,"P126",4
2007,7,"P127",44
2007,7,"P29M",1
2007,8,"H001",54
2007,8,"H003",1
2007,8,"H004",2
2007,8,"H008",5
2007,8,"H009",20
2007,8,"H010",1
2007,8,"H011",1
2007,8,"H025",2
2007,8,"H02W",42
2007,8,"H23B",6
2007,8,"M19B",15
2007,8,"M23A",37
2007,8,"M23B",121
2007,8,"P012",35
2007,8,"P013",42
2007,8,"P014",24
2007,8,"P015",7
2007,8,"P016",3
2007,8,"P017",22
2007,8,"P020",220
2007,8,"P021",3
2007,8,"P024",5
2007,8,"P025",53
2007,8,"P026",4
2007,8,"P027",19
2007,8,"P121",19
2007,8,"P123",327
2007,8,"P124",45
2007,8,"P125",34
2007,8,"P126",2
2007,8,"P127",28
2007,9,"H001",43
2007,9,"H02W",5
2007,9,"H23B",1
2007,9,"M19B",5
2007,9,"M23A",14
2007,9,"M23B",32
2007,9,"P012",2
2007,9,"P013",26
2007,9,"P014",8
2007,9,"P017",4
2007,9,"P018",1
2007,9,"P020",59
2007,9,"P025",2
2007,9,"P026",2
2007,9,"P027",4
2007,9,"P028",1
2007,9,"P123",60
2007,9,"P124",9
2007,9,"P125",1
2007,9,"P29M",1
2007,10,"M19B",6
2007,10,"P013",1
2007,10,"P016",1
2007,10,"P017",1
2007,10,"P020",6
2007,10,"P028",1
2007,10,"P123",4
2007,10,"P29M",1
2007,11,"H001",1
2007,11,"H23B",4
2007,11,"M19B",11
2007,11,"P013",2
2007,11,"P016",1
2007,11,"P017",1
2007,11,"P020",2
2007,11,"P123",1
2007,12,"H004",1
2007,12,"M19B",3
2007,12,"P020",1
2007,12,"P028",3
2008,1,"H004",1
2008,1,"M19B",20
2008,1,"M23B",1
2008,1,"P013",1
2008,1,"P017",4
2008,1,"P018",3
2008,1,"P020",1
2008,1,"P028",5
2008,2,"H02E",1
2008,2,"M19B",45
2008,2,"P013",2
2008,2,"P015",1
2008,2,"P017",1
2008,2,"P018",11
2008,2,"P020",6
2008,2,"P025",1
2008,2,"P028",5
2008,3,"M19B",29
2008,3,"M23B",12
2008,3,"P017",2
2008,3,"P018",4
2008,3,"P020",4
2008,3,"P024",1
2008,3,"P025",1
2008,3,"P028",6
2008,3,"P124",2
2008,4,"H004",3
2008,4,"M19B",7
2008,4,"M23B",3
2008,4,"P016",3
2008,4,"P017",2
2008,4,"P018",4
2008,4,"P020",6
2008,4,"P027",1
2008,4,"P028",4
2008,4,"P123",3
2008,4,"P124",1
2008,4,"P29M",2
2008,5,"H001",23
2008,5,"H004",1
2008,5,"H006",1
2008,5,"H02W",22
2008,5,"M19B",5
2008,5,"M23B",16
2008,5,"P013",3
2008,5,"P017",5
2008,5,"P020",1
2008,5,"P027",7
2008,5,"P028",6
2008,5,"P123",25
2008,5,"P124",38
2008,5,"P125",1
2008,5,"P127",2
2008,5,"P29M",3
2008,6,"H001",44
2008,6,"H003",1
2008,6,"H004",11
2008,6,"H006",3
2008,6,"H007",1
2008,6,"H024",2
2008,6,"H025",4
2008,6,"H02W",40
2008,6,"H23B",9
2008,6,"M19B",9
2008,6,"M23B",136
2008,6,"P011",1
2008,6,"P012",5
2008,6,"P013",8
2008,6,"P014",4
2008,6,"P016",1
2008,6,"P017",14
2008,6,"P018",1
2008,6,"P020",31
2008,6,"P021",4
2008,6,"P024",33
2008,6,"P025",9
2008,6,"P026",1
2008,6,"P027",9
2008,6,"P028",5
2008,6,"P101",1
2008,6,"P121",6
2008,6,"P123",143
2008,6,"P124",35
2008,6,"P125",3
2008,6,"P126",15
2008,6,"P127",4
2008,6,"P29M",1
2008,7,"H001",52
2008,7,"H004",10
2008,7,"H006",4
2008,7,"H009",5
2008,7,"H011",3
2008,7,"H024",21
2008,7,"H025",3
2008,7,"H02W",42
2008,7,"H23B",45
2008,7,"M112",1
2008,7,"M19B",11
2008,7,"M23A",1
2008,7,"M23B",251
2008,7,"M401",5
2008,7,"M402",1
2008,7,"P012",18
2008,7,"P013",15
2008,7,"P014",10
2008,7,"P015",2
2008,7,"P016",3
2008,7,"P017",14
2008,7,"P018",7
2008,7,"P020",135
2008,7,"P021",13
2008,7,"P024",30
2008,7,"P025",18
2008,7,"P027",13
2008,7,"P028",2
2008,7,"P101",2
2008,7,"P121",7
2008,7,"P123",346
2008,7,"P124",274
2008,7,"P125",46
2008,7,"P126",65
2008,7,"P127",51
2008,8,"H001",91
2008,8,"H004",4
2008,8,"H007",4
2008,8,"H008",3
2008,8,"H009",18
2008,8,"H010",1
2008,8,"H011",1
2008,8,"H024",1
2008,8,"H025",6
2008,8,"H027",6
2008,8,"H02W",43
2008,8,"H23B",15
2008,8,"M094",1
2008,8,"M19B",10
2008,8,"M23A",22
2008,8,"M23B",124
2008,8,"M401",12
2008,8,"M403",1
2008,8,"P010",1
2008,8,"P012",23
2008,8,"P013",33
2008,8,"P014",7
2008,8,"P015",2
2008,8,"P016",1
2008,8,"P017",4
2008,8,"P020",83
2008,8,"P021",2
2008,8,"P024",7
2008,8,"P025",8
2008,8,"P026",1
2008,8,"P027",8
2008,8,"P028",1
2008,8,"P101",1
2008,8,"P121",2
2008,8,"P123",230
2008,8,"P124",217
2008,8,"P125",52
2008,8,"P126",25
2008,8,"P127",35
2008,8,"P29M",1
2008,9,"H001",18
2008,9,"H003",1
2008,9,"H23B",1
2008,9,"M19B",8
2008,9,"M23B",19
2008,9,"P013",8
2008,9,"P014",2
2008,9,"P017",1
2008,9,"P020",29
2008,9,"P025",2
2008,9,"P121",1
2008,9,"P123",95
2008,9,"P124",36
2008,9,"P125",4
2008,9,"P127",1
2008,10,"H024",1
2008,10,"M101",1
2008,10,"M19B",13
2008,10,"P017",7
2008,10,"P020",12
2008,10,"P028",1
2008,10,"P123",1
2008,11,"H004",2
2008,11,"M19B",34
2008,11,"P016",7
2008,11,"P017",4
2008,11,"P020",8
2008,11,"P024",1
2008,11,"P028",2
2008,11,"P29M",1
2008,12,"H004",3
2008,12,"M19B",14
2008,12,"P013",3
2008,12,"P014",1
2008,12,"P016",1
2008,12,"P017",1
2008,12,"P020",14
2008,12,"P024",2
2008,12,"P028",1
2009,1,"H004",1
2009,1,"M19B",25
2009,1,"P016",1
2009,1,"P017",1
2009,1,"P020",9
2009,1,"P024",6
2009,1,"P028",2
2009,2,"M19B",10
2009,2,"P015",1
2009,2,"P017",1
2009,2,"P018",1
2009,2,"P020",2
2009,2,"P028",1
2009,2,"P124",1
2009,3,"H004",2
2009,3,"M19B",10
2009,3,"P013",1
2009,3,"P015",2
2009,3,"P020",5
2009,3,"P028",1
2009,3,"P127",1
2009,4,"H004",2
2009,4,"M19B",10
2009,4,"M23B",6
2009,4,"P014",1
2009,4,"P020",8
2009,4,"P022",1
2009,4,"P025",7
2009,4,"P028",1
2009,4,"P123",2
2009,4,"P124",5
2009,5,"H001",12
2009,5,"H011",3
2009,5,"H23B",3
2009,5,"M19B",13
2009,5,"M23A",1
2009,5,"M23B",70
2009,5,"M401",7
2009,5,"P012",1
2009,5,"P013",4
2009,5,"P014",5
2009,5,"P015",1
2009,5,"P016",2
2009,5,"P017",11
2009,5,"P020",38
2009,5,"P025",15
2009,5,"P028",2
2009,5,"P123",16
2009,5,"P124",49
2009,5,"P29M",1
2009,6,"H001",163
2009,6,"H003",9
2009,6,"H004",22
2009,6,"H006",6
2009,6,"H008",1
2009,6,"H009",2
2009,6,"H011",3
2009,6,"H024",2
2009,6,"H02W",23
2009,6,"H23B",57
2009,6,"M19A",1
2009,6,"M19B",49
2009,6,"M23B",174
2009,6,"P012",20
2009,6,"P013",10
2009,6,"P014",14
2009,6,"P015",2
2009,6,"P016",1
2009,6,"P017",8
2009,6,"P018",5
2009,6,"P020",71
2009,6,"P021",1
2009,6,"P024",18
2009,6,"P025",30
2009,6,"P027",7
2009,6,"P028",2
2009,6,"P101",1
2009,6,"P121",18
2009,6,"P123",412
2009,6,"P124",220
2009,6,"P125",4
2009,6,"P127",12
2009,6,"P29M",1
2009,7,"H001",138
2009,7,"H003",9
2009,7,"H004",35
2009,7,"H006",1
2009,7,"H007",4
2009,7,"H008",6
2009,7,"H009",11
2009,7,"H011",14
2009,7,"H024",3
2009,7,"H025",1
2009,7,"H027",1
2009,7,"H02W",36
2009,7,"H23B",37
2009,7,"M19B",54
2009,7,"M23A",4
2009,7,"M23B",193
2009,7,"M401",43
2009,7,"M402",33
2009,7,"M403",1
2009,7,"P008",1
2009,7,"P012",52
2009,7,"P013",26
2009,7,"P014",12
2009,7,"P015",1
2009,7,"P016",4
2009,7,"P017",11
2009,7,"P020",113
2009,7,"P024",9
2009,7,"P025",45
2009,7,"P026",5
2009,7,"P027",42
2009,7,"P028",2
2009,7,"P121",52
2009,7,"P123",568
2009,7,"P124",462
2009,7,"P125",95
2009,7,"P126",36
2009,7,"P127",39
2009,7,"P2W",1
2009,8,"H001",115
2009,8,"H003",3
2009,8,"H004",7
2009,8,"H007",9
2009,8,"H008",9
2009,8,"H009",32
2009,8,"H011",12
2009,8,"H024",1
2009,8,"H02W",103
2009,8,"H23B",3
2009,8,"M19B",42
2009,8,"M23A",22
2009,8,"M23B",113
2009,8,"M401",59
2009,8,"P011",2
2009,8,"P012",58
2009,8,"P013",32
2009,8,"P014",6
2009,8,"P016",1
2009,8,"P017",1
2009,8,"P018",2
2009,8,"P020",161
2009,8,"P021",1
2009,8,"P024",2
2009,8,"P025",28
2009,8,"P027",53
2009,8,"P121",38
2009,8,"P123",593
2009,8,"P124",53
2009,8,"P125",95
2009,8,"P126",12
2009,8,"P127",67
2009,8,"P29M",1
2009,9,"H001",46
2009,9,"H006",1
2009,9,"H009",3
2009,9,"H011",1
2009,9,"H027",1
2009,9,"H02W",4
2009,9,"H23B",1
2009,9,"M19B",20
2009,9,"M23A",6
2009,9,"M23B",25
2009,9,"P012",2
2009,9,"P013",12
2009,9,"P014",12
2009,9,"P020",63
2009,9,"P025",1
2009,9,"P028",1
2009,9,"P121",3
2009,9,"P123",96
2009,9,"P124",2
2009,9,"P125",2
2009,9,"P127",2
2009,10,"H23B",12
2009,10,"M19B",33
2009,10,"M23B",2
2009,10,"P013",1
2009,10,"P017",1
2009,10,"P018",2
2009,10,"P020",39
2009,10,"P028",1
2009,10,"P123",2
2009,10,"P124",3
2009,11,"H004",3
2009,11,"M19B",19
2009,11,"P013",2
2009,11,"P020",8
2009,11,"P024",1
2009,11,"P028",2
2009,12,"H004",5
2009,12,"M19B",25
2009,12,"M23B",8
2009,12,"P013",8
2009,12,"P015",1
2009,12,"P017",1
2009,12,"P020",14
2009,12,"P025",1
2009,12,"P027",1
2009,12,"P29M",1
2010,1,"H003",1
2010,1,"H004",5
2010,1,"M19B",25
2010,1,"M23B",2
2010,1,"P016",1
2010,1,"P017",6
2010,1,"P018",1
2010,1,"P020",14
2010,1,"P028",3
2010,1,"P29M",1
2010,2,"H004",7
2010,2,"M19B",22
2010,2,"M23B",6
2010,2,"P013",3
2010,2,"P017",6
2010,2,"P018",8
2010,2,"P020",10
2010,2,"P028",1
2010,3,"H004",3
2010,3,"M19B",15
2010,3,"M23B",29
2010,3,"P013",1
2010,3,"P014",1
2010,3,"P015",2
2010,3,"P016",1
2010,3,"P017",2
2010,3,"P018",17
2010,3,"P020",15
2010,3,"P027",2
2010,3,"P028",3
2010,4,"H004",3
2010,4,"M19B",44
2010,4,"M23B",2
2010,4,"P013",3
2010,4,"P014",2
2010,4,"P016",3
2010,4,"P017",3
2010,4,"P018",15
2010,4,"P020",23
2010,4,"P024",1
2010,4,"P025",8
2010,4,"P027",4
2010,4,"P028",1
2010,4,"P123",2
2010,4,"P124",3
2010,4,"P125",8
2010,4,"P126",1
2010,4,"P127",11
2010,4,"P29M",1
2010,5,"H001",7
2010,5,"H004",5
2010,5,"H011",4
2010,5,"H02W",11
2010,5,"M19B",55
2010,5,"M23B",37
2010,5,"P012",1
2010,5,"P013",20
2010,5,"P014",10
2010,5,"P015",2
2010,5,"P017",29
2010,5,"P018",2
2010,5,"P020",41
2010,5,"P024",1
2010,5,"P025",13
2010,5,"P123",34
2010,5,"P124",11
2010,5,"P125",3
2010,5,"P126",1
2010,5,"P127",6
2010,5,"P29M",5
2010,6,"H001",217
2010,6,"H003",5
2010,6,"H004",28
2010,6,"H006",7
2010,6,"H007",3
2010,6,"H009",7
2010,6,"H011",11
2010,6,"H024",2
2010,6,"H025",1
2010,6,"H02W",67
2010,6,"H23B",4
2010,6,"M19B",76
2010,6,"M23B",223
2010,6,"P001",2
2010,6,"P011",2
2010,6,"P012",36
2010,6,"P013",52
2010,6,"P014",16
2010,6,"P015",5
2010,6,"P016",3
2010,6,"P017",56
2010,6,"P018",2
2010,6,"P020",82
2010,6,"P021",14
2010,6,"P024",8
2010,6,"P025",18
2010,6,"P026",10
2010,6,"P027",27
2010,6,"P028",4
2010,6,"P101",1
2010,6,"P121",3
2010,6,"P123",1271
2010,6,"P124",288
2010,6,"P125",9
2010,6,"P126",24
2010,6,"P127",35
2010,6,"P29M",2
2010,7,"H001",319
2010,7,"H003",12
2010,7,"H004",51
2010,7,"H006",20
2010,7,"H007",12
2010,7,"H008",2
2010,7,"H009",43
2010,7,"H011",19
2010,7,"H024",5
2010,7,"H025",4
2010,7,"H026",1
2010,7,"H027",1
2010,7,"H02W",131
2010,7,"H23B",32
2010,7,"M19A",1
2010,7,"M19B",51
2010,7,"M23B",260
2010,7,"P001",5
2010,7,"P012",55
2010,7,"P013",54
2010,7,"P014",26
2010,7,"P015",5
2010,7,"P016",11
2010,7,"P017",39
2010,7,"P018",10
2010,7,"P020",96
2010,7,"P021",1
2010,7,"P024",7
2010,7,"P025",77
2010,7,"P026",15
2010,7,"P027",81
2010,7,"P028",4
2010,7,"P101",2
2010,7,"P121",117
2010,7,"P123",1682
2010,7,"P124",210
2010,7,"P125",79
2010,7,"P126",381
2010,7,"P127",216
2010,7,"P29M",4
2010,7,"P2W",2
2010,8,"H001",400
2010,8,"H003",14
2010,8,"H004",14
2010,8,"H006",11
2010,8,"H007",19
2010,8,"H008",3
2010,8,"H009",68
2010,8,"H010",4
2010,8,"H011",14
2010,8,"H025",16
2010,8,"H026",2
2010,8,"H027",21
2010,8,"H02W",234
2010,8,"H23B",19
2010,8,"M19B",26
2010,8,"M23A",7
2010,8,"M23B",74
2010,8,"P001",2
2010,8,"P012",65
2010,8,"P013",39
2010,8,"P014",33
2010,8,"P015",4
2010,8,"P016",1
2010,8,"P017",21
2010,8,"P020",140
2010,8,"P022",1
2010,8,"P024",4
2010,8,"P025",47
2010,8,"P026",6
2010,8,"P027",68
2010,8,"P028",3
2010,8,"P101",1
2010,8,"P121",75
2010,8,"P123",1199
2010,8,"P124",150
2010,8,"P125",158
2010,8,"P126",349
2010,8,"P127",51
2010,8,"P29M",1
2010,9,"H001",46
2010,9,"H003",1
2010,9,"H004",2
2010,9,"H009",3
2010,9,"H011",1
2010,9,"H026",1
2010,9,"H02W",25
2010,9,"H23B",9
2010,9,"M19B",6
2010,9,"M23B",54
2010,9,"P013",11
2010,9,"P014",2
2010,9,"P017",4
2010,9,"P020",50
2010,9,"P021",2
2010,9,"P025",2
2010,9,"P027",5
2010,9,"P121",4
2010,9,"P123",255
2010,9,"P124",57
2010,9,"P125",16
2010,9,"P126",3
2010,9,"P127",7
2010,10,"M19B",11
2010,10,"M23B",2
2010,10,"P012",13
2010,10,"P014",1
2010,10,"P016",1
2010,10,"P017",1
2010,10,"P020",28
2010,10,"P025",2
2010,10,"P027",1
2010,10,"P121",4
2010,10,"P123",4
2010,10,"P125",1
2010,10,"P127",1
2010,10,"P29M",2
2010,11,"H004",2
2010,11,"M19B",20
2010,11,"P017",1
2010,11,"P020",8
2010,12,"H004",8
2010,12,"H02E",1
2010,12,"M19B",27
2010,12,"M23B",7
2010,12,"P014",1
2010,12,"P017",3
2010,12,"P020",5
2010,12,"P024",4
2010,12,"P028",3
2011,1,"H004",3
2011,1,"H02W",1
2011,1,"M19A",2
2011,1,"M19B",69
2011,1,"M23B",2
2011,1,"P013",1
2011,1,"P014",1
2011,1,"P017",6
2011,1,"P018",7
2011,1,"P020",3
2011,2,"H004",3
2011,2,"M19B",38
2011,2,"M23B",4
2011,2,"P013",5
2011,2,"P016",1
2011,2,"P018",6
2011,2,"P020",19
2011,2,"P123",1
2011,3,"H004",6
2011,3,"M19B",31
2011,3,"M23A",2
2011,3,"M23B",6
2011,3,"P017",8
2011,3,"P018",2
2011,3,"P020",10
2011,3,"P028",3
2011,3,"P123",2
2011,4,"H001",1
2011,4,"H004",5
2011,4,"M19A",2
2011,4,"M19B",31
2011,4,"M23B",20
2011,4,"P013",2
2011,4,"P014",2
2011,4,"P015",2
2011,4,"P016",2
2011,4,"P017",1
2011,4,"P018",10
2011,4,"P020",43
2011,4,"P025",3
2011,4,"P027",1
2011,4,"P028",3
2011,4,"P124",15
2011,4,"P125",1
2011,4,"P126",1
2011,4,"P127",12
2011,5,"H001",72
2011,5,"H004",1
2011,5,"H011",2
2011,5,"H02W",56
2011,5,"H23B",2
2011,5,"M19A",2
2011,5,"M19B",39
2011,5,"M23A",2
2011,5,"M23B",57
2011,5,"P013",8
2011,5,"P014",7
2011,5,"P015",1
2011,5,"P016",1
2011,5,"P017",25
2011,5,"P018",6
2011,5,"P020",42
2011,5,"P024",5
2011,5,"P025",7
2011,5,"P027",6
2011,5,"P123",38
2011,5,"P124",22
2011,5,"P125",6
2011,5,"P127",10
2011,5,"P29M",5
2011,6,"H001",383
2011,6,"H003",7
2011,6,"H004",27
2011,6,"H006",24
2011,6,"H007",4
2011,6,"H009",13
2011,6,"H011",3
2011,6,"H025",1
2011,6,"H027",1
2011,6,"H02W",179
2011,6,"H23B",11
2011,6,"M19B",55
2011,6,"M23B",114
2011,6,"M402",7
2011,6,"P012",13
2011,6,"P013",71
2011,6,"P014",23
2011,6,"P015",2
2011,6,"P016",1
2011,6,"P017",52
2011,6,"P018",4
2011,6,"P020",94
2011,6,"P024",13
2011,6,"P025",9
2011,6,"P026",13
2011,6,"P027",30
2011,6,"P121",20
2011,6,"P123",340
2011,6,"P124",346
2011,6,"P125",23
2011,6,"P126",71
2011,6,"P127",14
2011,6,"P29M",1
2011,6,"P2W",1
2011,7,"H001",430
2011,7,"H003",13
2011,7,"H004",23
2011,7,"H006",15
2011,7,"H007",15
2011,7,"H009",63
2011,7,"H010",1
2011,7,"H011",17
2011,7,"H024",10
2011,7,"H025",2
2011,7,"H026",5
2011,7,"H027",6
2011,7,"H02W",279
2011,7,"H23B",4
2011,7,"M094",5
2011,7,"M19B",67
2011,7,"M23A",1
2011,7,"M23B",226
2011,7,"M401",3
2011,7,"P001",1
2011,7,"P008",1
2011,7,"P011",3
2011,7,"P012",71
2011,7,"P013",71
2011,7,"P014",19
2011,7,"P015",4
2011,7,"P016",5
2011,7,"P017",22
2011,7,"P018",7
2011,7,"P020",207
2011,7,"P024",19
2011,7,"P025",78
2011,7,"P026",43
2011,7,"P027",64
2011,7,"P111",1
2011,7,"P121",178
2011,7,"P123",537
2011,7,"P124",181
2011,7,"P125",64
2011,7,"P126",187
2011,7,"P127",47
2011,7,"P2W",1
2011,8,"H001",469
2011,8,"H003",5
2011,8,"H004",8
2011,8,"H006",9
2011,8,"H007",13
2011,8,"H008",12
2011,8,"H009",35
2011,8,"H011",14
2011,8,"H024",5
2011,8,"H025",7
2011,8,"H026",1
2011,8,"H027",10
2011,8,"H02W",367
2011,8,"H23B",9
2011,8,"M19B",23
2011,8,"M23A",51
2011,8,"M23B",118
2011,8,"M401",4
2011,8,"P008",1
2011,8,"P012",58
2011,8,"P013",45
2011,8,"P014",25
2011,8,"P015",2
2011,8,"P017",20
2011,8,"P018",1
2011,8,"P020",167
2011,8,"P021",4
2011,8,"P024",3
2011,8,"P025",17
2011,8,"P027",22
2011,8,"P121",89
2011,8,"P123",450
2011,8,"P124",127
2011,8,"P125",105
2011,8,"P126",175
2011,8,"P127",95
2011,9,"H001",97
2011,9,"H003",3
2011,9,"H009",1
2011,9,"H02W",12
2011,9,"H23B",2
2011,9,"M19B",9
2011,9,"M23A",11
2011,9,"M23B",20
2011,9,"M401",7
2011,9,"P013",14
2011,9,"P014",11
2011,9,"P015",1
2011,9,"P016",1
2011,9,"P017",8
2011,9,"P018",1
2011,9,"P020",38
2011,9,"P025",2
2011,9,"P027",1
2011,9,"P121",13
2011,9,"P123",84
2011,9,"P124",10
2011,9,"P125",1
2011,9,"P127",1
2011,9,"P29M",1
2011,10,"H004",1
2011,10,"M19B",17
2011,10,"P020",11
2011,10,"P121",2
2011,11,"H004",2
2011,11,"M19B",17
2011,11,"P018",1
2011,11,"P020",11
2011,12,"H004",1
2011,12,"H23B",1
2011,12,"M19B",22
2011,12,"M23B",1
2011,12,"P013",1
2011,12,"P014",1
2011,12,"P015",1
2011,12,"P017",1
2011,12,"P020",19
2011,12,"P127",1
2012,1,"H004",2
2012,1,"M19B",26
2012,1,"P013",1
2012,1,"P016",1
2012,1,"P017",3
2012,1,"P020",12
2012,2,"H004",4
2012,2,"M19A",1
2012,2,"M19B",23
2012,2,"M23B",3
2012,2,"P013",2
2012,2,"P018",3
2012,2,"P020",21
2012,2,"P028",3
2012,3,"H004",3
2012,3,"H23B",5
2012,3,"M19B",13
2012,3,"M23B",13
2012,3,"P015",1
2012,3,"P017",3
2012,3,"P018",6
2012,3,"P020",8
2012,3,"P028",4
2012,4,"H23B",2
2012,4,"M19A",2
2012,4,"M19B",15
2012,4,"M23B",18
2012,4,"P013",2
2012,4,"P014",3
2012,4,"P017",12
2012,4,"P018",10
2012,4,"P020",51
2012,4,"P027",2
2012,4,"P028",4
2012,4,"P123",25
2012,4,"P124",7
2012,4,"P127",2
2012,4,"P29M",4
2012,5,"H001",24
2012,5,"H004",6
2012,5,"H024",5
2012,5,"H027",1
2012,5,"H02W",12
2012,5,"H23B",6
2012,5,"M19B",28
2012,5,"M23A",1
2012,5,"M23B",34
2012,5,"M401",2
2012,5,"P012",1
2012,5,"P013",12
2012,5,"P014",15
2012,5,"P015",3
2012,5,"P016",4
2012,5,"P017",26
2012,5,"P020",38
2012,5,"P024",3
2012,5,"P025",3
2012,5,"P027",20
2012,5,"P123",51
2012,5,"P124",93
2012,5,"P125",5
2012,5,"P127",4
2012,5,"P29M",3
2012,6,"H001",377
2012,6,"H003",3
2012,6,"H004",11
2012,6,"H006",16
2012,6,"H007",2
2012,6,"H008",1
2012,6,"H009",28
2012,6,"H011",31
2012,6,"H024",19
2012,6,"H025",2
2012,6,"H026",16
2012,6,"H027",8
2012,6,"H02W",190
2012,6,"H23B",103
2012,6,"M19B",46
2012,6,"M23B",306
2012,6,"P003",1
2012,6,"P012",19
2012,6,"P013",36
2012,6,"P014",25
2012,6,"P015",7
2012,6,"P016",9
2012,6,"P017",68
2012,6,"P018",5
2012,6,"P020",162
2012,6,"P024",12
2012,6,"P025",17
2012,6,"P026",40
2012,6,"P027",46
2012,6,"P101",1
2012,6,"P121",13
2012,6,"P123",294
2012,6,"P124",398
2012,6,"P125",34
2012,6,"P126",134
2012,6,"P127",30
2012,6,"P29M",1
2012,6,"P2W",4
2012,7,"H001",476
2012,7,"H003",10
2012,7,"H004",52
2012,7,"H006",22
2012,7,"H007",13
2012,7,"H008",9
2012,7,"H009",73
2012,7,"H010",1
2012,7,"H011",30
2012,7,"H024",8
2012,7,"H025",31
2012,7,"H026",9
2012,7,"H027",31
2012,7,"H02W",403
2012,7,"H23B",167
2012,7,"M094",1
2012,7,"M101",1
2012,7,"M19B",66
2012,7,"M23A",7
2012,7,"M23B",261
2012,7,"P001",1
2012,7,"P007",1
2012,7,"P012",68
2012,7,"P013",122
2012,7,"P014",28
2012,7,"P015",5
2012,7,"P016",8
2012,7,"P017",50
2012,7,"P018",3
2012,7,"P020",286
2012,7,"P021",3
2012,7,"P024",9
2012,7,"P025",145
2012,7,"P026",24
2012,7,"P027",86
2012,7,"P101",3
2012,7,"P121",77
2012,7,"P123",734
2012,7,"P124",213
2012,7,"P125",220
2012,7,"P126",265
2012,7,"P127",92
2012,7,"P29M",2
2012,7,"P2W",1
2012,8,"H001",643
2012,8,"H003",5
2012,8,"H004",9
2012,8,"H006",17
2012,8,"H007",24
2012,8,"H008",10
2012,8,"H009",37
2012,8,"H010",1
2012,8,"H011",10
2012,8,"H024",6
2012,8,"H025",55
2012,8,"H026",2
2012,8,"H027",53
2012,8,"H02W",293
2012,8,"H23B",129
2012,8,"M19B",69
2012,8,"M23A",63
2012,8,"M23B",78
2012,8,"P001",2
2012,8,"P008",2
2012,8,"P011",1
2012,8,"P012",60
2012,8,"P013",105
2012,8,"P014",32
2012,8,"P015",5
2012,8,"P016",10
2012,8,"P017",20
2012,8,"P020",248
2012,8,"P025",59
2012,8,"P027",27
2012,8,"P028",1
2012,8,"P121",51
2012,8,"P123",769
2012,8,"P124",273
2012,8,"P125",230
2012,8,"P126",153
2012,8,"P127",112
2012,8,"P29M",3
2012,8,"P2W",2
2012,9,"H001",18
2012,9,"H007",1
2012,9,"H026",1
2012,9,"H027",3
2012,9,"H02W",18
2012,9,"H23B",3
2012,9,"M19B",29
2012,9,"M23A",6
2012,9,"M23B",15
2012,9,"P012",11
2012,9,"P013",26
2012,9,"P014",10
2012,9,"P015",1
2012,9,"P017",5
2012,9,"P020",36
2012,9,"P025",4
2012,9,"P026",2
2012,9,"P027",3
2012,9,"P123",115
2012,9,"P124",7
2012,9,"P125",13
2012,9,"P127",21
2012,10,"M19B",16
2012,10,"P013",1
2012,10,"P020",16
2012,10,"P028",1
2012,10,"P127",1
2012,11,"M19B",47
2012,11,"M23B",1
2012,11,"P012",1
2012,11,"P013",2
2012,11,"P017",3
2012,11,"P020",7
2012,11,"P024",2
2012,12,"H004",6
2012,12,"M19B",51
2012,12,"P013",4
2012,12,"P016",1
2012,12,"P017",2
2012,12,"P018",1
2012,12,"P020",6
2012,12,"P025",1
2012,12,"P027",3
2012,12,"P028",2
2013,1,"H004",4
2013,1,"M19A",2
2013,1,"M19B",42
2013,1,"P004",2
2013,1,"P013",7
2013,1,"P014",3
2013,1,"P015",1
2013,1,"P017",8
2013,1,"P018",9
2013,1,"P020",6
2013,1,"P024",1
2013,1,"P028",2
2013,1,"P29M",7
2013,2,"H004",2
2013,2,"M19A",1
2013,2,"M19B",30
2013,2,"P004",2
2013,2,"P013",4
2013,2,"P014",1
2013,2,"P016",1
2013,2,"P017",7
2013,2,"P018",10
2013,2,"P020",6
2013,2,"P025",1
2013,2,"P29M",7
2013,3,"H004",2
2013,3,"M19A",3
2013,3,"M19B",17
2013,3,"M23B",10
2013,3,"P004",2
2013,3,"P011",1
2013,3,"P013",2
2013,3,"P016",3
2013,3,"P017",4
2013,3,"P018",14
2013,3,"P020",9
2013,3,"P127",1
2013,3,"P29M",4
2013,4,"H004",1
2013,4,"M19A",3
2013,4,"M19B",12
2013,4,"M23B",16
2013,4,"P004",1
2013,4,"P012",1
2013,4,"P013",1
2013,4,"P014",11
2013,4,"P016",2
2013,4,"P017",8
2013,4,"P018",7
2013,4,"P020",5
2013,4,"P027",2
2013,4,"P123",2
2013,4,"P127",2
2013,4,"P29M",7
2013,5,"H001",7
2013,5,"H003",1
2013,5,"H004",3
2013,5,"H02W",22
2013,5,"M19B",53
2013,5,"M23B",65
2013,5,"P001",59
2013,5,"P003",3
2013,5,"P004",5
2013,5,"P007",5
2013,5,"P011",1
2013,5,"P012",5
2013,5,"P013",33
2013,5,"P014",34
2013,5,"P015",13
2013,5,"P016",7
2013,5,"P017",96
2013,5,"P018",4
2013,5,"P020",18
2013,5,"P025",5
2013,5,"P027",2
2013,5,"P028",4
2013,5,"P123",23
2013,5,"P124",46
2013,5,"P125",1
2013,5,"P127",3
2013,5,"P29M",13
2013,5,"P2W",7
2013,6,"H001",305
2013,6,"H003",1
2013,6,"H004",4
2013,6,"H027",17
2013,6,"H02W",111
2013,6,"H23B",27
2013,6,"M19B",49
2013,6,"M23A",8
2013,6,"M23B",283
2013,6,"M401",8
2013,6,"P001",383
2013,6,"P003",13
2013,6,"P004",48
2013,6,"P006",6
2013,6,"P007",5
2013,6,"P008",1
2013,6,"P009",33
2013,6,"P011",7
2013,6,"P012",45
2013,6,"P013",141
2013,6,"P014",101
2013,6,"P015",34
2013,6,"P016",27
2013,6,"P017",120
2013,6,"P018",3
2013,6,"P020",130
2013,6,"P021",1
2013,6,"P024",4
2013,6,"P025",27
2013,6,"P026",1
2013,6,"P027",28
2013,6,"P028",1
2013,6,"P121",28
2013,6,"P123",354
2013,6,"P124",84
2013,6,"P125",42
2013,6,"P126",27
2013,6,"P127",71
2013,6,"P142",1
2013,6,"P29M",9
2013,6,"P2W",71
2013,7,"H001",285
2013,7,"H003",1
2013,7,"H004",14
2013,7,"H006",5
2013,7,"H009",1
2013,7,"H011",5
2013,7,"H024",3
2013,7,"H025",8
2013,7,"H026",5
2013,7,"H027",41
2013,7,"H02W",206
2013,7,"H23B",131
2013,7,"M094",1
2013,7,"M101",1
2013,7,"M19B",92
2013,7,"M23A",1
2013,7,"M23B",239
2013,7,"P001",514
2013,7,"P003",15
2013,7,"P004",51
2013,7,"P006",3
2013,7,"P007",9
2013,7,"P008",12
2013,7,"P009",77
2013,7,"P010",2
2013,7,"P011",50
2013,7,"P012",159
2013,7,"P013",196
2013,7,"P014",51
2013,7,"P015",20
2013,7,"P016",21
2013,7,"P017",59
2013,7,"P018",3
2013,7,"P020",255
2013,7,"P021",1
2013,7,"P024",15
2013,7,"P025",67
2013,7,"P026",14
2013,7,"P027",95
2013,7,"P028",2
2013,7,"P101",2
2013,7,"P111",3
2013,7,"P121",54
2013,7,"P123",967
2013,7,"P124",32
2013,7,"P125",107
2013,7,"P126",180
2013,7,"P127",195
2013,7,"P29M",2
2013,7,"P2W",108
2013,8,"H001",383
2013,8,"H003",1
2013,8,"H004",9
2013,8,"H009",1
2013,8,"H021",2
2013,8,"H025",8
2013,8,"H026",11
2013,8,"H027",76
2013,8,"H02W",233
2013,8,"H23B",114
2013,8,"M101",1
2013,8,"M19B",39
2013,8,"M23B",60
2013,8,"P001",689
2013,8,"P002",2
2013,8,"P003",9
2013,8,"P004",17
2013,8,"P006",1
2013,8,"P007",35
2013,8,"P008",14
2013,8,"P009",46
2013,8,"P010",3
2013,8,"P011",19
2013,8,"P012",77
2013,8,"P013",133
2013,8,"P014",45
2013,8,"P015",5
2013,8,"P016",8
2013,8,"P017",15
2013,8,"P018",2
2013,8,"P020",490
2013,8,"P021",4
2013,8,"P024",4
2013,8,"P025",13
2013,8,"P026",6
2013,8,"P027",80
2013,8,"P101",1
2013,8,"P111",2
2013,8,"P121",41
2013,8,"P123",767
2013,8,"P124",12
2013,8,"P125",101
2013,8,"P126",266
2013,8,"P127",124
2013,8,"P29M",12
2013,8,"P2W",117
2013,9,"H001",7
2013,9,"H003",1
2013,9,"H027",11
2013,9,"H02W",3
2013,9,"H23B",14
2013,9,"M19B",15
2013,9,"M23B",55
2013,9,"P001",99
2013,9,"P012",7
2013,9,"P013",53
2013,9,"P014",15
2013,9,"P015",2
2013,9,"P016",1
2013,9,"P017",2
2013,9,"P018",1
2013,9,"P020",73
2013,9,"P024",1
2013,9,"P025",1
2013,9,"P028",1
2013,9,"P121",9
2013,9,"P123",108
2013,9,"P124",2
2013,9,"P125",6
2013,9,"P126",1
2013,9,"P127",5
2013,9,"P29M",4
2013,9,"P2W",7
2013,10,"H027",1
2013,10,"M19B",7
2013,10,"P004",1
2013,10,"P012",2
2013,10,"P013",8
2013,10,"P017",1
2013,10,"P018",1
2013,10,"P020",23
2013,10,"P123",6
2013,11,"M19A",1
2013,11,"M19B",10
2013,11,"M23B",2
2013,11,"P004",2
2013,11,"P017",2
2013,11,"P020",11
2013,12,"H004",3
2013,12,"M19A",2
2013,12,"M19B",45
2013,12,"P004",2
2013,12,"P013",1
2013,12,"P015",1
2013,12,"P016",1
2013,12,"P017",1
2013,12,"P020",39
2013,12,"P027",1
2013,12,"P028",1
2014,1,"H004",2
2014,1,"M19B",103
2014,1,"P013",4
2014,1,"P014",1
2014,1,"P015",2
2014,1,"P016",1
2014,1,"P017",2
2014,1,"P018",2
2014,1,"P020",15
2014,1,"P028",1
2014,2,"H23B",1
2014,2,"M19A",1
2014,2,"M19B",45
2014,2,"M23A",7
2014,2,"M23B",2
2014,2,"P013",2
2014,2,"P015",1
2014,2,"P016",1
2014,2,"P017",2
2014,2,"P018",6
2014,2,"P020",12
2014,3,"H004",1
2014,3,"H23B",4
2014,3,"M19A",2
2014,3,"M19B",52
2014,3,"M23A",2
2014,3,"M23B",7
2014,3,"P014",1
2014,3,"P015",1
2014,3,"P016",3
2014,3,"P017",2
2014,3,"P018",5
2014,3,"P020",20
2014,3,"P028",1
2014,3,"P123",3
2014,3,"P29M",2
2014,4,"H004",3
2014,4,"H027",7
2014,4,"H23B",5
2014,4,"M19A",5
2014,4,"M19B",57
2014,4,"M23B",8
2014,4,"P013",4
2014,4,"P014",2
2014,4,"P015",2
2014,4,"P016",3
2014,4,"P017",15
2014,4,"P018",9
2014,4,"P020",25
2014,4,"P028",1
2014,4,"P123",2
2014,4,"P124",3
2014,4,"P29M",2
2014,5,"H001",31
2014,5,"H003",3
2014,5,"H004",4
2014,5,"H024",5
2014,5,"H025",3
2014,5,"H027",16
2014,5,"H02W",37
2014,5,"H23B",9
2014,5,"M19A",1
2014,5,"M19B",79
2014,5,"M23B",79
2014,5,"P004",1
2014,5,"P008",6
2014,5,"P012",1
2014,5,"P013",35
2014,5,"P014",54
2014,5,"P015",26
2014,5,"P016",24
2014,5,"P017",93
2014,5,"P018",9
2014,5,"P020",126
2014,5,"P024",6
2014,5,"P025",4
2014,5,"P027",1
2014,5,"P123",16
2014,5,"P124",39
2014,5,"P29M",4
2014,6,"H001",468
2014,6,"H003",16
2014,6,"H004",44
2014,6,"H006",6
2014,6,"H007",7
2014,6,"H009",63
2014,6,"H011",12
2014,6,"H024",8
2014,6,"H025",72
2014,6,"H026",18
2014,6,"H027",53
2014,6,"H02W",142
2014,6,"H23B",37
2014,6,"M19B",53
2014,6,"M23B",200
2014,6,"P001",11
2014,6,"P003",13
2014,6,"P004",14
2014,6,"P006",1
2014,6,"P012",36
2014,6,"P013",233
2014,6,"P014",53
2014,6,"P015",43
2014,6,"P016",17
2014,6,"P017",94
2014,6,"P018",1
2014,6,"P020",144
2014,6,"P021",1
2014,6,"P024",1
2014,6,"P025",26
2014,6,"P026",1
2014,6,"P027",11
2014,6,"P028",2
2014,6,"P121",61
2014,6,"P123",204
2014,6,"P124",32
2014,6,"P125",2
2014,6,"P126",20
2014,6,"P127",18
2014,6,"P29M",2
2014,7,"H001",739
2014,7,"H003",21
2014,7,"H004",29
2014,7,"H006",3
2014,7,"H007",22
2014,7,"H008",8
2014,7,"H009",82
2014,7,"H011",9
2014,7,"H024",61
2014,7,"H025",189
2014,7,"H026",7
2014,7,"H027",114
2014,7,"H02W",214
2014,7,"H23B",39
2014,7,"M19B",45
2014,7,"M23A",2
2014,7,"M23B",156
2014,7,"P001",1
2014,7,"P003",6
2014,7,"P004",15
2014,7,"P008",2
2014,7,"P012",91
2014,7,"P013",256
2014,7,"P014",75
2014,7,"P015",30
2014,7,"P016",15
2014,7,"P017",42
2014,7,"P018",1
2014,7,"P020",220
2014,7,"P024",1
2014,7,"P025",34
2014,7,"P026",6
2014,7,"P027",35
2014,7,"P028",1
2014,7,"P104",1
2014,7,"P121",132
2014,7,"P123",252
2014,7,"P124",127
2014,7,"P125",12
2014,7,"P126",286
2014,7,"P127",30
2014,7,"P29M",3
2014,7,"P2W",2
2014,8,"H001",840
2014,8,"H003",16
2014,8,"H004",14
2014,8,"H006",1
2014,8,"H007",45
2014,8,"H008",11
2014,8,"H009",74
2014,8,"H010",2
2014,8,"H011",4
2014,8,"H024",36
2014,8,"H025",114
2014,8,"H026",2
2014,8,"H027",107
2014,8,"H02W",203
2014,8,"H23B",28
2014,8,"M19B",18
2014,8,"M23A",18
2014,8,"M23B",50
2014,8,"P001",2
2014,8,"P003",3
2014,8,"P004",14
2014,8,"P006",2
2014,8,"P007",1
2014,8,"P008",1
2014,8,"P012",65
2014,8,"P013",150
2014,8,"P014",46
2014,8,"P015",11
2014,8,"P016",10
2014,8,"P017",22
2014,8,"P018",1
2014,8,"P020",176
2014,8,"P025",9
2014,8,"P027",9
2014,8,"P121",51
2014,8,"P123",302
2014,8,"P124",82
2014,8,"P125",14
2014,8,"P126",251
2014,8,"P127",100
2014,8,"P29M",1
2014,8,"P2W",4
2014,9,"H001",98
2014,9,"H009",1
2014,9,"H024",2
2014,9,"H025",7
2014,9,"H027",13
2014,9,"H02W",4
2014,9,"H23B",84
2014,9,"M19B",8
2014,9,"M23A",5
2014,9,"M23B",13
2014,9,"P012",1
2014,9,"P013",52
2014,9,"P014",16
2014,9,"P015",1
2014,9,"P017",10
2014,9,"P020",62
2014,9,"P025",1
2014,9,"P027",1
2014,9,"P028",1
2014,9,"P123",35
2014,9,"P124",1
2014,9,"P126",1
2014,9,"P127",2
2014,9,"P29M",1
2014,10,"H001",6
2014,10,"H004",1
2014,10,"H02W",1
2014,10,"M19B",6
2014,10,"P013",9
2014,10,"P014",1
2014,10,"P020",7
2014,10,"P123",1
2014,10,"P126",1
2014,11,"H004",1
2014,11,"H024",2
2014,11,"M19B",3
2014,11,"P013",3
2014,11,"P014",4
2014,11,"P017",3
2014,11,"P018",1
2014,11,"P020",3
2014,11,"P028",2
2014,11,"P29M",1
2014,12,"H004",7
2014,12,"M19B",36
2014,12,"M23B",1
2014,12,"P004",2
2014,12,"P013",9
2014,12,"P014",2
2014,12,"P017",3
2014,12,"P020",10
2014,12,"P024",4
2014,12,"P028",4
2015,1,"M19A",1
2015,1,"M19B",48
2015,1,"M23B",5
2015,1,"P004",8
2015,1,"P013",5
2015,1,"P014",3
2015,1,"P016",2
2015,1,"P017",3
2015,1,"P018",2
2015,1,"P020",33
2015,1,"P024",1
2015,1,"P028",1
2015,1,"P29M",5
2015,2,"M153",3
2015,2,"M19B",36
2015,2,"M23A",6
2015,2,"M23B",15
2015,2,"P004",3
2015,2,"P011",1
2015,2,"P013",6
2015,2,"P014",3
2015,2,"P015",1
2015,2,"P016",1
2015,2,"P017",3
2015,2,"P018",5
2015,2,"P020",30
2015,2,"P025",1
2015,2,"P027",2
2015,2,"P028",1
2015,2,"P29M",6
2015,2,"P2W",1
2015,3,"M153",1
2015,3,"M19A",9
2015,3,"M19B",47
2015,3,"M23A",4
2015,3,"M23B",13
2015,3,"P004",3
2015,3,"P016",1
2015,3,"P017",1
2015,3,"P018",5
2015,3,"P020",13
2015,3,"P027",3
2015,3,"P028",2
2015,3,"P127",2
2015,3,"P2E",1
2015,3,"P2W",1
2015,4,"M19A",2
2015,4,"M19B",27
2015,4,"M23B",26
2015,4,"P001",1
2015,4,"P004",4
2015,4,"P013",7
2015,4,"P014",6
2015,4,"P015",3
2015,4,"P016",6
2015,4,"P017",10
2015,4,"P018",8
2015,4,"P020",29
2015,4,"P027",10
2015,4,"P028",1
2015,4,"P124",5
2015,4,"P127",3
2015,4,"P29M",5
2015,5,"GSPS",1
2015,5,"H027",3
2015,5,"M19B",77
2015,5,"M23B",23
2015,5,"P001",66
2015,5,"P003",13
2015,5,"P004",20
2015,5,"P007",1
2015,5,"P012",2
2015,5,"P013",28
2015,5,"P014",37
2015,5,"P015",9
2015,5,"P016",17
2015,5,"P017",63
2015,5,"P018",7
2015,5,"P020",88
2015,5,"P024",4
2015,5,"P025",5
2015,5,"P027",13
2015,5,"P028",5
2015,5,"P123",37
2015,5,"P124",18
2015,5,"P127",1
2015,5,"P29M",13
2015,5,"P2W",3
2015,6,"GSPS",1
2015,6,"H024",5
2015,6,"H027",3
2015,6,"H23B",3
2015,6,"M068",2
2015,6,"M101",1
2015,6,"M152",1
2015,6,"M19B",86
2015,6,"M23B",34
2015,6,"M401",1
2015,6,"M403",1
2015,6,"P001",683
2015,6,"P003",37
2015,6,"P004",101
2015,6,"P006",35
2015,6,"P007",25
2015,6,"P008",1
2015,6,"P009",72
2015,6,"P011",5
2015,6,"P012",41
2015,6,"P013",119
2015,6,"P014",42
2015,6,"P015",9
2015,6,"P016",7
2015,6,"P017",36
2015,6,"P018",5
2015,6,"P020",162
2015,6,"P021",16
2015,6,"P024",7
2015,6,"P025",10
2015,6,"P026",17
2015,6,"P027",26
2015,6,"P028",2
2015,6,"P101",2
2015,6,"P121",55
2015,6,"P123",171
2015,6,"P124",63
2015,6,"P125",58
2015,6,"P126",40
2015,6,"P127",33
2015,6,"P29M",4
2015,6,"P2W",77
2015,7,"H024",1
2015,7,"H027",4
2015,7,"H23B",17
2015,7,"M053",1
2015,7,"M153",2
2015,7,"M19B",71
2015,7,"M23A",1
2015,7,"M23B",38
2015,7,"M401",11
2015,7,"P001",570
2015,7,"P003",48
2015,7,"P004",78
2015,7,"P006",5
2015,7,"P007",37
2015,7,"P008",29
2015,7,"P009",91
2015,7,"P010",1
2015,7,"P011",13
2015,7,"P012",116
2015,7,"P013",184
2015,7,"P014",52
2015,7,"P015",11
2015,7,"P016",7
2015,7,"P017",33
2015,7,"P018",1
2015,7,"P020",142
2015,7,"P021",1
2015,7,"P024",12
2015,7,"P025",45
2015,7,"P026",12
2015,7,"P027",52
2015,7,"P028",1
2015,7,"P101",2
2015,7,"P121",127
2015,7,"P123",727
2015,7,"P124",219
2015,7,"P125",65
2015,7,"P126",147
2015,7,"P127",77
2015,7,"P29M",1
2015,7,"P2W",164
2015,8,"H004",2
2015,8,"H025",6
2015,8,"H027",2
2015,8,"H23B",7
2015,8,"M079",1
2015,8,"M101",4
2015,8,"M120",1
2015,8,"M153",3
2015,8,"M19B",22
2015,8,"M23A",28
2015,8,"M23B",46
2015,8,"M401",17
2015,8,"M402",7
2015,8,"P001",474
2015,8,"P003",21
2015,8,"P004",18
2015,8,"P006",15
2015,8,"P007",12
2015,8,"P008",15
2015,8,"P009",26
2015,8,"P010",9
2015,8,"P011",7
2015,8,"P012",81
2015,8,"P013",186
2015,8,"P014",52
2015,8,"P015",8
2015,8,"P016",2
2015,8,"P017",12
2015,8,"P018",2
2015,8,"P020",148
2015,8,"P021",2
2015,8,"P025",16
2015,8,"P027",19
2015,8,"P028",1
2015,8,"P101",3
2015,8,"P121",75
2015,8,"P123",756
2015,8,"P124",172
2015,8,"P125",40
2015,8,"P126",238
2015,8,"P127",77
2015,8,"P29M",5
2015,8,"P2W",287
2015,9,"M19B",7
2015,9,"M23A",6
2015,9,"M23B",26
2015,9,"M402",1
2015,9,"P001",83
2015,9,"P004",4
2015,9,"P007",1
2015,9,"P009",1
2015,9,"P012",6
2015,9,"P013",60
2015,9,"P014",15
2015,9,"P017",2
2015,9,"P018",1
2015,9,"P020",41
2015,9,"P021",1
2015,9,"P026",1
2015,9,"P027",3
2015,9,"P028",1
2015,9,"P121",2
2015,9,"P123",10
2015,9,"P124",9
2015,9,"P126",1
2015,9,"P127",3
2015,9,"P29M",2
2015,9,"P2W",16
2015,10,"M19B",3
2015,10,"P004",3
2015,10,"P013",2
2015,10,"P014",2
2015,10,"P015",2
2015,10,"P020",6
2015,10,"P124",3
2015,11,"M153",1
2015,11,"M19B",6
2015,11,"P004",4
2015,11,"P013",2
2015,11,"P014",1
2015,11,"P015",2
2015,11,"P020",1
2015,12,"M19B",16
2015,12,"P004",2
2015,12,"P013",5
2015,12,"P016",3
2015,12,"P017",1
2015,12,"P020",12
2015,12,"P027",2
2015,12,"P028",3
2015,,"P012",2
2015,,"P017",1
2016,1,"M19B",57
2016,1,"M23B",3
2016,1,"P004",4
2016,1,"P015",3
2016,1,"P016",1
2016,1,"P018",3
2016,1,"P020",7
2016,1,"P024",1
2016,1,"P027",4
2016,1,"P028",5
2016,1,"P2W",1
2016,2,"M19B",47
2016,2,"M23B",1
2016,2,"P013",2
2016,2,"P014",3
2016,2,"P016",4
2016,2,"P017",1
2016,2,"P018",5
2016,2,"P020",7
2016,2,"P027",6
2016,2,"P028",5
2016,2,"P124",1
2016,2,"P2W",1
2016,3,"GSPS",1
2016,3,"H024",2
2016,3,"M19B",24
2016,3,"M23B",7
2016,3,"P004",5
2016,3,"P013",1
2016,3,"P015",4
2016,3,"P016",1
2016,3,"P018",3
2016,3,"P020",16
2016,3,"P024",1
2016,3,"P027",5
2016,3,"P028",4
2016,3,"P29M",6
2016,4,"GSPS",1
2016,4,"M19A",1
2016,4,"M19B",35
2016,4,"M23A",1
2016,4,"M23B",25
2016,4,"P001",1
2016,4,"P004",1
2016,4,"P012",2
2016,4,"P013",4
2016,4,"P014",13
2016,4,"P015",1
2016,4,"P016",6
2016,4,"P017",10
2016,4,"P018",2
2016,4,"P020",26
2016,4,"P024",3
2016,4,"P027",5
2016,4,"P028",16
2016,4,"P124",10
2016,4,"P127",3
2016,4,"P29M",9
2016,5,"M104",1
2016,5,"M127",1
2016,5,"M153",1
2016,5,"M19B",37
2016,5,"M23B",11
2016,5,"P001",31
2016,5,"P003",4
2016,5,"P004",11
2016,5,"P006",1
2016,5,"P007",3
2016,5,"P012",4
2016,5,"P013",38
2016,5,"P014",33
2016,5,"P015",7
2016,5,"P016",11
2016,5,"P017",78
2016,5,"P018",2
2016,5,"P020",44
2016,5,"P024",1
2016,5,"P025",2
2016,5,"P027",5
2016,5,"P028",10
2016,5,"P123",10
2016,5,"P124",32
2016,5,"P29M",7
2016,5,"P2W",17
2016,6,"GSPS",2
2016,6,"H025",2
2016,6,"H02W",4
2016,6,"H23B",6
2016,6,"M104",3
2016,6,"M153",5
2016,6,"M19B",35
2016,6,"M23B",60
2016,6,"P001",348
2016,6,"P002",3
2016,6,"P003",24
2016,6,"P004",48
2016,6,"P006",38
2016,6,"P007",34
2016,6,"P008",4
2016,6,"P009",60
2016,6,"P010",7
2016,6,"P011",13
2016,6,"P012",25
2016,6,"P013",127
2016,6,"P014",39
2016,6,"P015",34
2016,6,"P016",9
2016,6,"P017",58
2016,6,"P018",4
2016,6,"P020",75
2016,6,"P021",1
2016,6,"P024",6
2016,6,"P025",17
2016,6,"P026",5
2016,6,"P027",37
2016,6,"P028",10
2016,6,"P101",1
2016,6,"P121",26
2016,6,"P123",116
2016,6,"P124",96
2016,6,"P125",71
2016,6,"P126",62
2016,6,"P127",39
2016,6,"P29M",3
2016,6,"P2W",257
2016,7,"H024",1
2016,7,"H025",8
2016,7,"H026",2
2016,7,"H027",2
2016,7,"H23B",2
2016,7,"M094",1
2016,7,"M101",1
2016,7,"M104",1
2016,7,"M19B",17
2016,7,"M23A",2
2016,7,"M23B",46
2016,7,"M401",7
2016,7,"P001",334
2016,7,"P003",14
2016,7,"P004",24
2016,7,"P006",39
2016,7,"P007",25
2016,7,"P008",13
2016,7,"P009",43
2016,7,"P010",10
2016,7,"P011",16
2016,7,"P012",69
2016,7,"P013",116
2016,7,"P014",49
2016,7,"P015",15
2016,7,"P016",9
2016,7,"P017",23
2016,7,"P020",122
2016,7,"P021",3
2016,7,"P024",20
2016,7,"P025",67
2016,7,"P026",22
2016,7,"P027",106
2016,7,"P028",4
2016,7,"P121",62
2016,7,"P123",258
2016,7,"P124",171
2016,7,"P125",210
2016,7,"P126",203
2016,7,"P127",50
2016,7,"P29M",3
2016,7,"P2W",25
2016,8,"H024",2
2016,8,"H025",7
2016,8,"H026",3
2016,8,"H027",7
2016,8,"H02W",1
2016,8,"H23B",9
2016,8,"M068",1
2016,8,"M104",2
2016,8,"M153",1
2016,8,"M19B",24
2016,8,"M23A",30
2016,8,"M23B",84
2016,8,"M401",16
2016,8,"M403",1
2016,8,"P001",423
2016,8,"P002",1
2016,8,"P003",2
2016,8,"P004",16
2016,8,"P006",19
2016,8,"P007",48
2016,8,"P008",10
2016,8,"P009",19
2016,8,"P010",8
2016,8,"P011",20
2016,8,"P012",49
2016,8,"P013",141
2016,8,"P014",41
2016,8,"P015",5
2016,8,"P016",14
2016,8,"P017",33
2016,8,"P020",182
2016,8,"P021",9
2016,8,"P024",2
2016,8,"P025",32
2016,8,"P026",43
2016,8,"P027",40
2016,8,"P121",33
2016,8,"P123",149
2016,8,"P124",85
2016,8,"P125",45
2016,8,"P126",94
2016,8,"P127",35
2016,8,"P29M",4
2016,8,"P2W",59
2016,9,"H024",1
2016,9,"H025",1
2016,9,"M101",3
2016,9,"M153",1
2016,9,"M19B",8
2016,9,"M23A",3
2016,9,"M23B",19
2016,9,"P001",23
2016,9,"P003",2
2016,9,"P006",1
2016,9,"P008",1
2016,9,"P011",2
2016,9,"P012",7
2016,9,"P013",36
2016,9,"P014",18
2016,9,"P015",2
2016,9,"P016",9
2016,9,"P017",13
2016,9,"P018",1
2016,9,"P020",60
2016,9,"P024",1
2016,9,"P025",5
2016,9,"P026",1
2016,9,"P027",4
2016,9,"P028",12
2016,9,"P123",61
2016,9,"P124",7
2016,9,"P125",2
2016,9,"P126",4
2016,9,"P127",1
2016,9,"P29M",9
2016,10,"M19B",12
2016,10,"P001",2
2016,10,"P004",5
2016,10,"P013",1
2016,10,"P015",5
2016,10,"P016",1
2016,10,"P018",2
2016,10,"P020",9
2016,10,"P027",1
2016,10,"P29M",2
2016,11,"M19B",9
2016,11,"P004",2
2016,11,"P017",3
2016,11,"P020",3
2016,11,"P028",1
2016,11,"P29M",3
2016,12,"M19A",3
2016,12,"M19B",18
2016,12,"P004",4
2016,12,"P013",1
2016,12,"P015",1
2016,12,"P016",1
2016,12,"P017",7
2016,12,"P020",9
2016,12,"P027",1
2016,12,"P028",7
2016,12,"P29M",1
2016,,"H021",1
2016,,"H23B",10
2016,,"M19B",2
2016,,"M23B",5
2016,,"M401",5
2016,,"P001",10
2016,,"P003",2
2016,,"P004",1
2016,,"P007",9
2016,,"P013",9
2016,,"P014",4
2016,,"P020",1
2016,,"P021",1
2016,,"P025",1
2016,,"P027",1
2016,,"P121",1
2016,,"P123",4
2016,,"P124",5
2016,,"P125",2
2016,,"P126",14
2017,1,"M19A",2
2017,1,"M19B",49
2017,1,"M23B",1
2017,1,"P004",1
2017,1,"P013",8
2017,1,"P014",4
2017,1,"P016",1
2017,1,"P017",8
2017,1,"P018",2
2017,1,"P020",8
2017,1,"P027",4
2017,1,"P028",14
2017,1,"P29M",2
2017,2,"M068",1
2017,2,"M153",1
2017,2,"M19B",23
2017,2,"M23A",1
2017,2,"M23B",2
2017,2,"P004",2
2017,2,"P013",1
2017,2,"P014",1
2017,2,"P017",1
2017,2,"P020",3
2017,2,"P027",1
2017,2,"P028",11
2017,2,"P29M",3
2017,3,"M19B",21
2017,3,"M23B",14
2017,3,"P004",1
2017,3,"P014",1
2017,3,"P018",1
2017,3,"P020",8
2017,3,"P027",6
2017,3,"P028",10
2017,3,"P29M",2
2017,4,"GSPS",2
2017,4,"M19B",25
2017,4,"M23B",43
2017,4,"P004",1
2017,4,"P006",2
2017,4,"P012",1
2017,4,"P013",4
2017,4,"P014",17
2017,4,"P015",7
2017,4,"P016",17
2017,4,"P017",80
2017,4,"P018",6
2017,4,"P020",20
2017,4,"P025",1
2017,4,"P027",14
2017,4,"P028",13
2017,4,"P127",1
2017,4,"P29M",25
2017,5,"GSPS",6
2017,5,"H024",1
2017,5,"M104",1
2017,5,"M19B",32
2017,5,"M23B",41
2017,5,"P001",33
2017,5,"P003",9
2017,5,"P004",12
2017,5,"P007",5
2017,5,"P011",6
2017,5,"P012",3
2017,5,"P013",45
2017,5,"P014",113
2017,5,"P015",17
2017,5,"P016",44
2017,5,"P017",81
2017,5,"P018",1
2017,5,"P020",42
2017,5,"P024",2
2017,5,"P025",35
2017,5,"P027",36
2017,5,"P028",19
2017,5,"P111",3
2017,5,"P123",39
2017,5,"P124",11
2017,5,"P125",17
2017,5,"P127",3
2017,5,"P29M",66
2017,5,"P2W",4
2017,6,"GSPS",2
2017,6,"H025",4
2017,6,"H23B",3
2017,6,"M068",1
2017,6,"M101",3
2017,6,"M153",2
2017,6,"M19B",44
2017,6,"M23B",146
2017,6,"P001",235
2017,6,"P002",3
2017,6,"P003",24
2017,6,"P004",52
2017,6,"P006",32
2017,6,"P007",3
2017,6,"P008",3
2017,6,"P009",99
2017,6,"P011",14
2017,6,"P012",42
2017,6,"P013",168
2017,6,"P014",67
2017,6,"P015",32
2017,6,"P016",27
2017,6,"P017",58
2017,6,"P018",9
2017,6,"P020",156
2017,6,"P021",17
2017,6,"P024",15
2017,6,"P025",142
2017,6,"P026",26
2017,6,"P027",87
2017,6,"P028",21
2017,6,"P101",1
2017,6,"P111",7
2017,6,"P121",90
2017,6,"P123",91
2017,6,"P124",58
2017,6,"P125",40
2017,6,"P126",37
2017,6,"P127",20
2017,6,"P29M",26
2017,6,"P2W",45
2017,7,"GSPS",3
2017,7,"H004",1
2017,7,"H021",2
2017,7,"H023",1
2017,7,"H025",1
2017,7,"H23B",9
2017,7,"M120",1
2017,7,"M127",1
2017,7,"M19B",47
2017,7,"M23A",2
2017,7,"M23B",120
2017,7,"M403",2
2017,7,"P001",193
2017,7,"P003",16
2017,7,"P004",60
2017,7,"P006",18
2017,7,"P007",19
2017,7,"P008",16
2017,7,"P009",86
2017,7,"P011",16
2017,7,"P012",117
2017,7,"P013",240
2017,7,"P014",78
2017,7,"P015",34
2017,7,"P016",25
2017,7,"P017",80
2017,7,"P018",2
2017,7,"P020",343
2017,7,"P021",3
2017,7,"P024",69
2017,7,"P025",54
2017,7,"P026",47
2017,7,"P027",104
2017,7,"P028",10
2017,7,"P104",1
2017,7,"P121",204
2017,7,"P123",436
2017,7,"P124",157
2017,7,"P125",76
2017,7,"P126",124
2017,7,"P127",145
2017,7,"P29M",23
2017,7,"P2W",63
2017,8,"H025",2
2017,8,"H23B",11
2017,8,"M079",1
2017,8,"M098",2
2017,8,"M101",1
2017,8,"M146",1
2017,8,"M153",1
2017,8,"M19B",24
2017,8,"M23A",53
2017,8,"M23B",100
2017,8,"M403",1
2017,8,"P001",384
2017,8,"P003",4
2017,8,"P004",6
2017,8,"P006",4
2017,8,"P007",27
2017,8,"P008",15
2017,8,"P009",75
2017,8,"P010",9
2017,8,"P011",10
2017,8,"P012",124
2017,8,"P013",213
2017,8,"P014",59
2017,8,"P015",27
2017,8,"P016",10
2017,8,"P017",27
2017,8,"P018",3
2017,8,"P020",418
2017,8,"P021",7
2017,8,"P024",1
2017,8,"P025",56
2017,8,"P026",47
2017,8,"P027",38
2017,8,"P028",4
2017,8,"P101",1
2017,8,"P111",1
2017,8,"P121",76
2017,8,"P123",175
2017,8,"P124",173
2017,8,"P125",22
2017,8,"P126",76
2017,8,"P127",110
2017,8,"P29M",5
2017,8,"P2W",80
2017,9,"M146",1
2017,9,"M19B",11
2017,9,"M23A",13
2017,9,"M23B",28
2017,9,"P001",52
2017,9,"P004",2
2017,9,"P008",3
2017,9,"P011",6
2017,9,"P012",4
2017,9,"P013",85
2017,9,"P014",11
2017,9,"P015",5
2017,9,"P016",2
2017,9,"P017",7
2017,9,"P018",2
2017,9,"P020",55
2017,9,"P025",6
2017,9,"P027",1
2017,9,"P028",10
2017,9,"P123",9
2017,9,"P124",1
2017,9,"P127",3
2017,9,"P29M",6
2017,9,"P2W",3
2017,10,"M19B",14
2017,10,"P013",4
2017,10,"P014",1
2017,10,"P015",1
2017,10,"P016",2
2017,10,"P017",4
2017,10,"P018",1
2017,10,"P020",19
2017,10,"P028",13
2017,11,"M19B",4
2017,11,"P013",2
2017,11,"P017",2
2017,11,"P020",10
2017,11,"P028",3
2017,12,"M19A",1
2017,12,"M19B",17
2017,12,"P004",2
2017,12,"P013",6
2017,12,"P014",3
2017,12,"P016",2
2017,12,"P017",4
2017,12,"P018",4
2017,12,"P020",7
2017,12,"P024",2
2017,12,"P027",3
2017,12,"P028",15
2017,,"M19B",1
2017,,"P001",4
2017,,"P004",4
2017,,"P013",1
2017,,"P017",2
2017,,"P020",1
2017,,"P025",1
2017,,"P124",1
2018,1,"M19B",17
2018,1,"P004",3
2018,1,"P013",2
2018,1,"P014",5
2018,1,"P017",2
2018,1,"P018",4
2018,1,"P020",7
2018,1,"P024",1
2018,1,"P027",5
2018,1,"P028",4
2018,1,"P123",1
2018,1,"P29M",2
2018,2,"M19B",18
2018,2,"M23A",1
2018,2,"P004",1
2018,2,"P013",4
2018,2,"P014",2
2018,2,"P016",2
2018,2,"P017",4
2018,2,"P018",4
2018,2,"P020",6
2018,2,"P024",1
2018,2,"P027",11
2018,2,"P028",15
2018,2,"P29M",4
2018,3,"GSPS",1
2018,3,"M039",1
2018,3,"M19A",3
2018,3,"M19B",25
2018,3,"M23B",15
2018,3,"P004",1
2018,3,"P013",7
2018,3,"P014",5
2018,3,"P015",7
2018,3,"P016",7
2018,3,"P017",5
2018,3,"P018",9
2018,3,"P020",15
2018,3,"P025",4
2018,3,"P027",6
2018,3,"P028",22
2018,3,"P123",1
2018,3,"P124",2
2018,3,"P29M",10
2018,3,"P2E",1
2018,4,"M153",1
2018,4,"M19B",25
2018,4,"M23B",25
2018,4,"P004",1
2018,4,"P012",2
2018,4,"P013",5
2018,4,"P014",14
2018,4,"P015",5
2018,4,"P016",1
2018,4,"P017",43
2018,4,"P018",6
2018,4,"P020",24
2018,4,"P024",4
2018,4,"P028",11
2018,4,"P123",2
2018,4,"P124",6
2018,4,"P127",15
2018,4,"P29M",47
2018,5,"H024",1
2018,5,"M101",1
2018,5,"M104",2
2018,5,"M152",1
2018,5,"M19B",42
2018,5,"M23B",96
2018,5,"M304",1
2018,5,"P001",26
2018,5,"P003",13
2018,5,"P004",14
2018,5,"P006",2
2018,5,"P007",3
2018,5,"P009",3
2018,5,"P011",1
2018,5,"P012",7
2018,5,"P013",91
2018,5,"P014",77
2018,5,"P015",18
2018,5,"P016",39
2018,5,"P017",178
2018,5,"P018",1
2018,5,"P020",41
2018,5,"P025",3
2018,5,"P027",2
2018,5,"P028",12
2018,5,"P111",1
2018,5,"P121",2
2018,5,"P123",6
2018,5,"P124",5
2018,5,"P125",8
2018,5,"P127",6
2018,5,"P29M",112
2018,5,"P2W",32
2018,6,"GSPS",2
2018,6,"H023",8
2018,6,"H024",2
2018,6,"H025",1
2018,6,"H23B",3
2018,6,"H29A",2
2018,6,"M079",1
2018,6,"M094",2
2018,6,"M104",4
2018,6,"M120",1
2018,6,"M127",4
2018,6,"M146",1
2018,6,"M19B",20
2018,6,"M23A",7
2018,6,"M23B",316
2018,6,"M402",2
2018,6,"P001",167
2018,6,"P003",8
2018,6,"P004",4
2018,6,"P006",2
2018,6,"P007",4
2018,6,"P008",1
2018,6,"P009",92
2018,6,"P010",1
2018,6,"P011",16
2018,6,"P012",61
2018,6,"P013",201
2018,6,"P014",68
2018,6,"P015",49
2018,6,"P016",30
2018,6,"P017",108
2018,6,"P018",2
2018,6,"P020",102
2018,6,"P021",19
2018,6,"P024",5
2018,6,"P025",60
2018,6,"P026",6
2018,6,"P027",13
2018,6,"P028",5
2018,6,"P101",5
2018,6,"P111",11
2018,6,"P121",137
2018,6,"P123",208
2018,6,"P124",51
2018,6,"P125",121
2018,6,"P126",24
2018,6,"P127",14
2018,6,"P142",6
2018,6,"P29M",24
2018,6,"P2W",98
2018,7,"H004",4
2018,7,"H023",7
2018,7,"H024",1
2018,7,"H025",3
2018,7,"H026",16
2018,7,"H027",2
2018,7,"H23B",5
2018,7,"M101",7
2018,7,"M104",3
2018,7,"M127",4
2018,7,"M146",1
2018,7,"M153",4
2018,7,"M19A",1
2018,7,"M19B",62
2018,7,"M23A",5
2018,7,"M23B",301
2018,7,"P001",384
2018,7,"P002",1
2018,7,"P003",25
2018,7,"P004",60
2018,7,"P006",2
2018,7,"P007",35
2018,7,"P008",33
2018,7,"P009",115
2018,7,"P010",3
2018,7,"P011",19
2018,7,"P012",134
2018,7,"P013",186
2018,7,"P014",74
2018,7,"P015",31
2018,7,"P016",53
2018,7,"P017",79
2018,7,"P018",6
2018,7,"P020",351
2018,7,"P021",35
2018,7,"P024",31
2018,7,"P025",152
2018,7,"P026",49
2018,7,"P027",39
2018,7,"P028",4
2018,7,"P101",3
2018,7,"P111",1
2018,7,"P121",274
2018,7,"P123",225
2018,7,"P124",100
2018,7,"P125",128
2018,7,"P126",217
2018,7,"P127",44
2018,7,"P142",4
2018,7,"P29M",8
2018,7,"P2W",247
2018,8,"H004",1
2018,8,"H024",4
2018,8,"H025",4
2018,8,"H026",3
2018,8,"H027",1
2018,8,"H23B",16
2018,8,"M054",1
2018,8,"M101",1
2018,8,"M118",1
2018,8,"M120",1
2018,8,"M127",1
2018,8,"M153",1
2018,8,"M19B",18
2018,8,"M23A",51
2018,8,"M23B",106
2018,8,"M402",6
2018,8,"P001",524
2018,8,"P002",3
2018,8,"P003",22
2018,8,"P004",21
2018,8,"P006",19
2018,8,"P007",8
2018,8,"P008",20
2018,8,"P009",45
2018,8,"P010",2
2018,8,"P011",8
2018,8,"P012",59
2018,8,"P013",141
2018,8,"P014",73
2018,8,"P015",16
2018,8,"P016",25
2018,8,"P017",41
2018,8,"P020",300
2018,8,"P024",7
2018,8,"P025",79
2018,8,"P026",51
2018,8,"P027",38
2018,8,"P028",2
2018,8,"P101",30
2018,8,"P121",78
2018,8,"P123",227
2018,8,"P124",38
2018,8,"P125",13
2018,8,"P126",18
2018,8,"P127",22
2018,8,"P29M",9
2018,8,"P2W",93
2018,9,"H024",1
2018,9,"H23B",1
2018,9,"M153",2
2018,9,"M19B",23
2018,9,"M23A",18
2018,9,"M23B",29
2018,9,"P001",25
2018,9,"P002",4
2018,9,"P004",4
2018,9,"P009",2
2018,9,"P012",3
2018,9,"P013",37
2018,9,"P014",4
2018,9,"P015",7
2018,9,"P016",12
2018,9,"P017",6
2018,9,"P020",67
2018,9,"P024",1
2018,9,"P025",3
2018,9,"P027",3
2018,9,"P028",13
2018,9,"P101",2
2018,9,"P123",12
2018,9,"P124",2
2018,9,"P125",1
2018,9,"P126",7
2018,9,"P29M",4
2018,9,"P2W",1
2018,10,"M19B",17
2018,10,"P004",1
2018,10,"P013",3
2018,10,"P014",1
2018,10,"P015",3
2018,10,"P016",2
2018,10,"P017",1
2018,10,"P020",2
2018,10,"P028",13
2018,10,"P29M",1
2018,11,"M19B",13
2018,11,"P004",2
2018,11,"P013",3
2018,11,"P015",1
2018,11,"P016",1
2018,11,"P020",12
2018,11,"P028",13
2018,11,"P29M",1
2018,12,"M19B",12
2018,12,"P013",2
2018,12,"P014",1
2018,12,"P015",1
2018,12,"P016",2
2018,12,"P018",1
2018,12,"P020",18
2018,12,"P027",4
2018,12,"P028",10
2018,12,"P29M",2
2018,,"P013",1
2018,,"P29M",1
2018,,"P2W",1
2019,1,"M19B",40
2019,1,"P004",4
2019,1,"P013",1
2019,1,"P015",1
2019,1,"P016",6
2019,1,"P017",5
2019,1,"P018",2
2019,1,"P020",11
2019,1,"P027",2
2019,1,"P028",12
2019,1,"P29M",2
2019,2,"M19B",14
2019,2,"P001",2
2019,2,"P004",4
2019,2,"P013",2
2019,2,"P015",1
2019,2,"P017",3
2019,2,"P018",1
2019,2,"P020",5
2019,2,"P027",4
2019,2,"P028",12
2019,3,"M19A",1
2019,3,"M19B",20
2019,3,"M23B",3
2019,3,"P004",11
2019,3,"P012",1
2019,3,"P013",1
2019,3,"P014",3
2019,3,"P015",4
2019,3,"P016",2
2019,3,"P017",4
2019,3,"P018",5
2019,3,"P020",23
2019,3,"P021",1
2019,3,"P027",2
2019,3,"P028",31
2019,3,"P142",1
2019,3,"P29M",11
2019,4,"M19B",6
2019,4,"M23B",20
2019,4,"P004",6
2019,4,"P014",1
2019,4,"P015",2
2019,4,"P016",1
2019,4,"P017",8
2019,4,"P018",1
2019,4,"P020",7
2019,4,"P025",1
2019,4,"P028",15
2019,4,"P29M",12
2019,5,"M068",4
2019,5,"M23B",60
2019,5,"P001",11
2019,5,"P003",7
2019,5,"P004",29
2019,5,"P006",6
2019,5,"P009",6
2019,5,"P013",1
2019,5,"P024",8
2019,5,"P025",6
2019,5,"P026",6
2019,5,"P027",8
2019,5,"P123",9
2019,5,"P125",1
2019,5,"P2W",22
2019,6,"H024",1
2019,6,"H025",1
2019,6,"H23B",15
2019,6,"M034",1
2019,6,"M079",1
2019,6,"M092",2
2019,6,"M23A",1
2019,6,"M23B",328
2019,6,"P001",196
2019,6,"P003",22
2019,6,"P004",32
2019,6,"P005",1
2019,6,"P006",44
2019,6,"P007",2
2019,6,"P008",3
2019,6,"P009",70
2019,6,"P010",5
2019,6,"P011",21
2019,6,"P012",1
2019,6,"P014",3
2019,6,"P015",2
2019,6,"P020",1
2019,6,"P021",37
2019,6,"P024",14
2019,6,"P025",88
2019,6,"P026",25
2019,6,"P027",44
2019,6,"P111",3
2019,6,"P123",97
2019,6,"P124",37
2019,6,"P125",37
2019,6,"P127",2
2019,6,"P142",1
2019,6,"P2W",15
2019,7,"H021",1
2019,7,"H023",2
2019,7,"H025",3
2019,7,"H23B",6
2019,7,"M039",1
2019,7,"M068",1
2019,7,"M079",1
2019,7,"M086",1
2019,7,"M094",2
2019,7,"M23A",9
2019,7,"M23B",249
2019,7,"P001",206
2019,7,"P003",48
2019,7,"P004",27
2019,7,"P006",80
2019,7,"P007",24
2019,7,"P008",20
2019,7,"P009",125
2019,7,"P010",6
2019,7,"P011",40
2019,7,"P012",45
2019,7,"P013",110
2019,7,"P014",68
2019,7,"P015",36
2019,7,"P016",38
2019,7,"P017",106
2019,7,"P020",46
2019,7,"P021",66
2019,7,"P024",53
2019,7,"P025",198
2019,7,"P026",66
2019,7,"P027",62
2019,7,"P028",9
2019,7,"P101",16
2019,7,"P111",12
2019,7,"P121",129
2019,7,"P123",281
2019,7,"P124",98
2019,7,"P125",46
2019,7,"P126",10
2019,7,"P127",6
2019,7,"P142",1
2019,7,"P29M",1
2019,7,"P2W",21
2019,8,"H023",3
2019,8,"H026",3
2019,8,"H23B",1
2019,8,"M127",3
2019,8,"M153",2
2019,8,"M19B",37
2019,8,"M23A",105
2019,8,"M23B",149
2019,8,"P001",249
2019,8,"P003",20
2019,8,"P004",11
2019,8,"P006",40
2019,8,"P007",11
2019,8,"P008",33
2019,8,"P009",70
2019,8,"P010",3
2019,8,"P011",16
2019,8,"P012",75
2019,8,"P013",173
2019,8,"P014",69
2019,8,"P015",35
2019,8,"P016",20
2019,8,"P017",46
2019,8,"P018",2
2019,8,"P020",247
2019,8,"P021",16
2019,8,"P024",10
2019,8,"P025",56
2019,8,"P026",26
2019,8,"P027",45
2019,8,"P028",9
2019,8,"P101",6
2019,8,"P111",5
2019,8,"P121",46
2019,8,"P123",158
2019,8,"P124",24
2019,8,"P125",11
2019,8,"P126",74
2019,8,"P127",55
2019,8,"P29M",13
2019,8,"P2W",29
2019,9,"GSPS",4
2019,9,"M19B",11
2019,9,"M23A",12
2019,9,"M23B",27
2019,9,"P001",52
2019,9,"P004",1
2019,9,"P006",1
2019,9,"P009",1
2019,9,"P012",11
2019,9,"P013",57
2019,9,"P014",23
2019,9,"P015",7
2019,9,"P016",2
2019,9,"P017",5
2019,9,"P018",1
2019,9,"P020",35
2019,9,"P025",2
2019,9,"P026",2
2019,9,"P027",2
2019,9,"P028",10
2019,9,"P123",23
2019,9,"P124",1
2019,9,"P126",2
2019,9,"P127",1
2019,9,"P29M",19
2019,9,"P2W",1
2019,10,"M19B",9
2019,10,"P013",1
2019,10,"P014",1
2019,10,"P016",3
2019,10,"P017",1
2019,10,"P020",4
2019,10,"P028",3
2019,10,"P29M",1
2019,11,"M19B",4
2019,11,"P004",1
2019,11,"P013",2
2019,11,"P014",2
2019,11,"P016",3
2019,11,"P017",3
2019,11,"P020",2
2019,11,"P028",5
2019,12,"M19B",3
2019,12,"P016",3
2019,12,"P017",6
2019,12,"P018",1
2019,12,"P020",1
2019,12,"P027",2
2019,12,"P028",10
2019,12,"P29M",1
2019,,"M124",2
2019,,"M19B",2
2019,,"P001",40
2019,,"P025",1
2020,1,"M19B",2
2020,1,"M23B",2
2020,1,"P004",2
2020,1,"P009",1
2020,1,"P016",1
2020,1,"P017",3
2020,1,"P018",7
2020,1,"P020",2
2020,1,"P027",3
2020,1,"P028",1
2020,2,"M19A",1
2020,2,"M19B",14
2020,2,"M23B",1
2020,2,"P013",1
2020,2,"P014",4
2020,2,"P017",10
2020,2,"P018",8
2020,2,"P020",8
2020,2,"P027",1
2020,2,"P028",11
2020,2,"P29M",1
2020,3,"M19B",9
2020,3,"M23B",7
2020,3,"P004",1
2020,3,"P012",1
2020,3,"P013",15
2020,3,"P014",3
2020,3,"P015",4
2020,3,"P016",4
2020,3,"P017",12
2020,3,"P018",8
2020,3,"P020",12
2020,3,"P027",3
2020,3,"P028",10
2020,3,"P29M",11
2020,4,"M23B",18
2020,4,"P004",1
2020,4,"P011",1
2020,4,"P027",1
2020,4,"P028",1
2020,4,"P124",1
2020,5,"H23B",2
2020,5,"M068",1
2020,5,"M23B",20
2020,5,"P001",1
2020,5,"P003",1
2020,5,"P004",16
2020,5,"P009",4
2020,5,"P011",6
2020,5,"P123",2
2020,6,"H023",1
2020,6,"H026",1
2020,6,"M092",1
2020,6,"M23B",78
2020,6,"P003",1
2020,6,"P004",6
2020,6,"P006",4
2020,6,"P008",3
2020,6,"P009",42
2020,6,"P011",15
2020,6,"P012",7
2020,6,"P014",1
2020,6,"P020",1
2020,6,"P021",1
2020,6,"P024",2
2020,6,"P025",16
2020,6,"P026",1
2020,6,"P027",11
2020,6,"P111",1
2020,6,"P123",6
2020,6,"P125",13
2020,7,"H023",5
2020,7,"H025",1
2020,7,"M101",3
2020,7,"M23A",3
2020,7,"M23B",48
2020,7,"P001",134
2020,7,"P003",10
2020,7,"P004",9
2020,7,"P006",7
2020,7,"P007",1
2020,7,"P009",59
2020,7,"P010",7
2020,7,"P011",17
2020,7,"P012",39
2020,7,"P013",102
2020,7,"P014",55
2020,7,"P015",27
2020,7,"P016",14
2020,7,"P017",27
2020,7,"P020",32
2020,7,"P021",4
2020,7,"P024",20
2020,7,"P025",46
2020,7,"P026",23
2020,7,"P027",22
2020,7,"P028",3
2020,7,"P101",6
2020,7,"P111",11
2020,7,"P121",5
2020,7,"P123",111
2020,7,"P124",20
2020,7,"P125",26
2020,7,"P126",11
2020,7,"P127",3
2020,7,"P29M",3
2020,8,"H023",7
2020,8,"H025",6
2020,8,"H026",1
2020,8,"H23B",1
2020,8,"M104",1
2020,8,"M153",1
2020,8,"M19B",13
2020,8,"M23A",88
2020,8,"M23B",73
2020,8,"P001",4
2020,8,"P004",10
2020,8,"P007",1
2020,8,"P009",35
2020,8,"P010",2
2020,8,"P011",11
2020,8,"P012",40
2020,8,"P013",121
2020,8,"P014",62
2020,8,"P015",16
2020,8,"P016",14
2020,8,"P017",35
2020,8,"P018",1
2020,8,"P020",137
2020,8,"P023",5
2020,8,"P024",1
2020,8,"P025",24
2020,8,"P026",22
2020,8,"P027",6
2020,8,"P028",3
2020,8,"P121",20
2020,8,"P123",130
2020,8,"P124",36
2020,8,"P125",6
2020,8,"P126",32
2020,8,"P127",8
2020,8,"P29M",3
2020,8,"P2W",6
2020,9,"M101",1
2020,9,"M127",3
2020,9,"M19B",4
2020,9,"M23A",15
2020,9,"M23B",11
2020,9,"P001",4
2020,9,"P009",2
2020,9,"P011",1
2020,9,"P012",5
2020,9,"P013",42
2020,9,"P014",34
2020,9,"P015",2
2020,9,"P016",4
2020,9,"P017",9
2020,9,"P020",37
2020,9,"P027",1
2020,9,"P028",7
2020,9,"P123",17
2020,9,"P124",1
2020,9,"P29M",15
2020,9,"P2W",2
2020,10,"M19B",1
2020,10,"P013",3
2020,10,"P014",1
2020,10,"P015",1
2020,10,"P016",3
2020,10,"P017",1
2020,10,"P020",10
2020,10,"P028",4
2020,11,"M19B",4
2020,11,"P014",2
2020,11,"P015",2
2020,11,"P020",5
2020,11,"P028",10
2020,12,"M19A",3
2020,12,"M19B",12
2020,12,"P004",1
2020,12,"P013",2
2020,12,"P014",9
2020,12,"P016",2
2020,12,"P017",2
2020,12,"P018",4
2020,12,"P020",8
2020,12,"P028",7
2020,12,"P29M",1
2020,,"M068",1
2020,,"M19B",2
2020,,"M23A",1
2020,,"M23B",3
2020,,"P004",2
2020,,"P012",1
2020,,"P013",2
2020,,"P014",1
2020,,"P017",2
2020,,"P020",1
2020,,"P125",1
2021,1,"M19A",2
2021,1,"M19B",12
2021,1,"P013",4
2021,1,"P014",2
2021,1,"P015",3
2021,1,"P016",1
2021,1,"P017",1
2021,1,"P020",15
2021,1,"P028",6
2021,2,"M19A",3
2021,2,"M19B",2
2021,2,"P014",4
2021,2,"P018",3
2021,2,"P020",12
2021,2,"P028",2
2021,3,"M19A",2
2021,3,"M19B",9
2021,3,"M23B",23
2021,3,"P013",1
2021,3,"P014",4
2021,3,"P015",1
2021,3,"P016",2
2021,3,"P017",5
2021,3,"P018",3
2021,3,"P020",32
2021,3,"P028",13
2021,3,"P29M",7
2021,4,"M23B",23
2021,4,"P006",1
2021,4,"P009",1
2021,4,"P025",1
2021,4,"P123",24
2021,5,"H023",1
2021,5,"H23B",4
2021,5,"M054",1
2021,5,"M23B",42
2021,5,"P001",4
2021,5,"P003",4
2021,5,"P004",26
2021,5,"P006",5
2021,5,"P007",2
2021,5,"P009",2
2021,5,"P011",3
2021,5,"P012",1
2021,5,"P013",6
2021,5,"P015",14
2021,5,"P016",6
2021,5,"P020",5
2021,5,"P025",16
2021,5,"P027",7
2021,5,"P111",1
2021,5,"P123",43
2021,5,"P124",1
2021,5,"P125",4
2021,6,"H025",1
2021,6,"H23B",4
2021,6,"M23B",383
2021,6,"P001",6
2021,6,"P003",6
2021,6,"P004",30
2021,6,"P006",10
2021,6,"P007",2
2021,6,"P009",71
2021,6,"P011",9
2021,6,"P012",3
2021,6,"P013",17
2021,6,"P015",16
2021,6,"P016",11
2021,6,"P017",2
2021,6,"P020",13
2021,6,"P021",3
2021,6,"P024",34
2021,6,"P025",85
2021,6,"P026",45
2021,6,"P027",26
2021,6,"P111",2
2021,6,"P123",43
2021,6,"P124",12
2021,6,"P125",47
2021,7,"GSPS",1
2021,7,"H025",2
2021,7,"M054",1
2021,7,"M068",2
2021,7,"M094",2
2021,7,"M101",3
2021,7,"M104",2
2021,7,"M211",1
2021,7,"M23A",3
2021,7,"M23B",289
2021,7,"P001",142
2021,7,"P003",18
2021,7,"P004",9
2021,7,"P006",28
2021,7,"P007",3
2021,7,"P008",1
2021,7,"P009",108
2021,7,"P011",48
2021,7,"P012",42
2021,7,"P013",166
2021,7,"P014",104
2021,7,"P015",50
2021,7,"P016",54
2021,7,"P017",71
2021,7,"P018",1
2021,7,"P020",53
2021,7,"P021",33
2021,7,"P024",6
2021,7,"P025",154
2021,7,"P026",76
2021,7,"P027",97
2021,7,"P101",1
2021,7,"P111",25
2021,7,"P121",30
2021,7,"P123",177
2021,7,"P124",68
2021,7,"P125",51
2021,7,"P126",6
2021,7,"P127",19
2021,7,"P29M",5
2021,7,"P2W",2
2021,8,"H023",1
2021,8,"H025",5
2021,8,"H23B",2
2021,8,"M054",1
2021,8,"M120",1
2021,8,"M146",3
2021,8,"M153",3
2021,8,"M19B",20
2021,8,"M23A",86
2021,8,"M23B",192
2021,8,"P001",299
2021,8,"P003",2
2021,8,"P004",16
2021,8,"P008",5
2021,8,"P009",48
2021,8,"P011",40
2021,8,"P012",37
2021,8,"P013",141
2021,8,"P014",98
2021,8,"P015",22
2021,8,"P016",16
2021,8,"P017",47
2021,8,"P018",2
2021,8,"P020",265
2021,8,"P021",5
2021,8,"P024",2
2021,8,"P025",88
2021,8,"P026",83
2021,8,"P027",32
2021,8,"P028",1
2021,8,"P101",4
2021,8,"P111",7
2021,8,"P121",4
2021,8,"P123",168
2021,8,"P124",42
2021,8,"P125",6
2021,8,"P126",3
2021,8,"P127",13
2021,8,"P29M",2
2021,8,"P2W",11
2021,9,"M19B",7
2021,9,"M23A",3
2021,9,"M23B",27
2021,9,"P001",49
2021,9,"P004",1
2021,9,"P007",1
2021,9,"P012",2
2021,9,"P013",48
2021,9,"P014",55
2021,9,"P015",30
2021,9,"P016",6
2021,9,"P017",17
2021,9,"P018",1
2021,9,"P020",71
2021,9,"P025",5
2021,9,"P027",4
2021,9,"P028",17
2021,9,"P123",26
2021,9,"P124",9
2021,9,"P29M",13
2021,9,"P2W",2
2021,10,"P004",1
2021,10,"P013",2
2021,10,"P014",5
2021,10,"P015",1
2021,10,"P016",2
2021,10,"P017",7
2021,10,"P020",12
2021,10,"P028",15
2021,11,"M19A",1
2021,11,"M19B",3
2021,11,"P004",1
2021,11,"P013",2
2021,11,"P014",1
2021,11,"P016",8
2021,11,"P020",1
2021,11,"P028",26
2021,11,"P29M",2
2021,12,"M19A",6
2021,12,"P004",2
2021,12,"P013",3
2021,12,"P014",6
2021,12,"P016",2
2021,12,"P017",2
2021,12,"P018",4
2021,12,"P020",3
2021,12,"P028",5
2021,12,"P29M",2
2021,,"H23B",1
2021,,"M19B",2
2021,,"M23B",2
2021,,"P001",7
2021,,"P011",1
2021,,"P012",2
2021,,"P013",1
2021,,"P015",1
2021,,"P025",1
2021,,"P2W",13
2022,1,"M19A",9
2022,1,"M19B",8
2022,1,"M23B",1
2022,1,"P013",2
2022,1,"P014",16
2022,1,"P016",1
2022,1,"P017",8
2022,1,"P018",10
2022,1,"P020",13
2022,1,"P028",22
2022,1,"P29M",2
2022,2,"M19B",7
2022,2,"M23B",19
2022,2,"P013",2
2022,2,"P014",4
2022,2,"P017",8
2022,2,"P020",10
2022,2,"P028",8
2022,2,"P29M",3
2022,3,"M19A",1
2022,3,"M19B",22
2022,3,"M23B",35
2022,3,"P001",1
2022,3,"P006",1
2022,3,"P009",1
2022,3,"P013",3
2022,3,"P014",9
2022,3,"P015",1
2022,3,"P016",3
2022,3,"P017",13
2022,3,"P018",5
2022,3,"P020",57
2022,3,"P028",24
2022,3,"P29M",6
2022,4,"H23B",3
2022,4,"M23B",28
2022,4,"P013",9
2022,4,"P014",3
2022,4,"P015",2
2022,4,"P016",4
2022,4,"P020",1
2022,4,"P026",1
2022,4,"P027",1
2022,4,"P123",3
2022,4,"P29M",1
2022,5,"H027",1
2022,5,"M23A",1
2022,5,"M23B",92
2022,5,"P001",26
2022,5,"P003",6
2022,5,"P004",25
2022,5,"P009",4
2022,5,"P013",20
2022,5,"P015",5
2022,5,"P016",1
2022,5,"P020",3
2022,5,"P025",38
2022,5,"P027",5
2022,5,"P123",43
2022,5,"P125",5
2022,5,"P29M",1
2022,5,"P2W",3
2022,6,"H23B",3
2022,6,"M068",2
2022,6,"M23B",302
2022,6,"P001",403
2022,6,"P003",7
2022,6,"P004",20
2022,6,"P006",30
2022,6,"P007",3
2022,6,"P009",82
2022,6,"P011",14
2022,6,"P012",3
2022,6,"P013",27
2022,6,"P014",2
2022,6,"P015",25
2022,6,"P016",7
2022,6,"P020",27
2022,6,"P021",50
2022,6,"P024",14
2022,6,"P025",163
2022,6,"P026",67
2022,6,"P027",25
2022,6,"P101",4
2022,6,"P111",1
2022,6,"P123",48
2022,6,"P124",26
2022,6,"P125",42
2022,6,"P126",1
2022,6,"P127",1
2022,6,"P29M",1
2022,6,"P2W",6
2022,7,"H021",1
2022,7,"H023",1
2022,7,"H024",1
2022,7,"H23B",1
2022,7,"M094",1
2022,7,"M146",1
2022,7,"M23A",5
2022,7,"M23B",236
2022,7,"P001",235
2022,7,"P002",3
2022,7,"P004",1
2022,7,"P006",49
2022,7,"P007",3
2022,7,"P008",2
2022,7,"P009",80
2022,7,"P011",38
2022,7,"P012",16
2022,7,"P013",121
2022,7,"P014",110
2022,7,"P015",61
2022,7,"P016",47
2022,7,"P017",100
2022,7,"P020",48
2022,7,"P021",29
2022,7,"P024",12
2022,7,"P025",210
2022,7,"P026",169
2022,7,"P027",51
2022,7,"P101",3
2022,7,"P111",2
2022,7,"P121",27
2022,7,"P123",135
2022,7,"P124",39
2022,7,"P125",21
2022,7,"P126",8
2022,7,"P127",11
2022,7,"P29M",6
2022,7,"P2W",15
2022,8,"H023",2
2022,8,"H025",1
2022,8,"H23B",4
2022,8,"M101",4
2022,8,"M111",1
2022,8,"M120",4
2022,8,"M146",1
2022,8,"M153",2
2022,8,"M19B",22
2022,8,"M23A",37
2022,8,"M23B",67
2022,8,"P001",299
2022,8,"P002",3
2022,8,"P003",5
2022,8,"P004",7
2022,8,"P006",33
2022,8,"P007",3
2022,8,"P008",6
2022,8,"P009",54
2022,8,"P011",19
2022,8,"P012",29
2022,8,"P013",120
2022,8,"P014",114
2022,8,"P015",18
2022,8,"P016",30
2022,8,"P017",68
2022,8,"P018",14
2022,8,"P020",252
2022,8,"P021",3
2022,8,"P024",1
2022,8,"P025",139
2022,8,"P026",105
2022,8,"P027",23
2022,8,"P028",2
2022,8,"P121",43
2022,8,"P123",130
2022,8,"P124",32
2022,8,"P125",14
2022,8,"P126",6
2022,8,"P127",7
2022,8,"P29M",1
2022,8,"P2W",18
2022,9,"M19B",10
2022,9,"M23A",6
2022,9,"M23B",7
2022,9,"P001",49
2022,9,"P006",1
2022,9,"P009",3
2022,9,"P012",7
2022,9,"P013",50
2022,9,"P014",38
2022,9,"P015",6
2022,9,"P016",1
2022,9,"P017",15
2022,9,"P018",1
2022,9,"P020",103
2022,9,"P025",6
2022,9,"P027",6
2022,9,"P028",4
2022,9,"P121",2
2022,9,"P123",13
2022,9,"P124",3
2022,9,"P29M",14
2022,10,"M19B",3
2022,10,"P013",13
2022,10,"P014",5
2022,10,"P015",1
2022,10,"P017",8
2022,10,"P020",19
2022,10,"P028",11
2022,10,"P123",2
2022,10,"P29M",4
2022,11,"M19B",1
2022,11,"P013",2
2022,11,"P016",1
2022,11,"P020",5
2022,11,"P028",9
2022,12,"M19A",1
2022,12,"P004",1
2022,12,"P013",7
2022,12,"P014",2
2022,12,"P016",3
2022,12,"P018",2
2022,12,"P020",5
2022,12,"P028",7
2022,,"H025",11
2022,,"H027",1
2022,,"M094",2
2022,,"M101",1
2022,,"M153",4
2022,,"M23B",10
2022,,"P001",7
2022,,"P002",8
2022,,"P003",1
2022,,"P004",1
2022,,"P006",2
2022,,"P009",2
2022,,"P011",1
2022,,"P013",3
2022,,"P014",19
2022,,"P015",1
2022,,"P017",3
2022,,"P018",1
2022,,"P020",11
2022,,"P025",9
2022,,"P027",2
2022,,"P123",1
2022,,"P125",1
2022,,"P29M",2
2022,,"P2W",13
2023,1,"M19A",2
2023,1,"M19B",22
2023,1,"P013",5
2023,1,"P014",4
2023,1,"P017",2
2023,1,"P018",3
2023,1,"P020",24
2023,1,"P025",1
2023,1,"P028",6
2023,2,"M19A",1
2023,2,"M19B",10
2023,2,"M23B",3
2023,2,"P013",2
2023,2,"P014",1
2023,2,"P017",2
2023,2,"P018",1
2023,2,"P020",12
2023,2,"P028",4
2023,3,"M19B",17
2023,3,"M23B",6
2023,3,"P001",1
2023,3,"P013",7
2023,3,"P014",13
2023,3,"P015",2
2023,3,"P016",4
2023,3,"P017",25
2023,3,"P018",9
2023,3,"P020",23
2023,3,"P025",1
2023,3,"P028",12
2023,3,"P123",12
2023,3,"P124",1
2023,3,"P29M",2
2023,4,"M19B",2
2023,4,"M23B",20
2023,4,"P001",1
2023,4,"P015",3
2023,4,"P018",2
2023,4,"P020",10
2023,4,"P024",1
2023,4,"P123",12
2023,5,"H027",1
2023,5,"H02W",3
2023,5,"M19B",33
2023,5,"M23B",46
2023,5,"P001",27
2023,5,"P003",4
2023,5,"P004",22
2023,5,"P009",2
2023,5,"P011",12
2023,5,"P013",10
2023,5,"P015",5
2023,5,"P016",8
2023,5,"P018",18
2023,5,"P020",10
2023,5,"P024",7
2023,5,"P025",44
2023,5,"P026",1
2023,5,"P027",7
2023,5,"P123",32
2023,5,"P125",2
2023,6,"H025",8
2023,6,"H026",6
2023,6,"H23B",3
2023,6,"M19A",8
2023,6,"M23A",7
2023,6,"M23B",283
2023,6,"P001",174
2023,6,"P003",8
2023,6,"P004",23
2023,6,"P006",9
2023,6,"P007",2
2023,6,"P008",1
2023,6,"P009",100
2023,6,"P011",17
2023,6,"P012",3
2023,6,"P013",48
2023,6,"P014",2
2023,6,"P015",34
2023,6,"P016",6
2023,6,"P018",2
2023,6,"P020",31
2023,6,"P021",15
2023,6,"P024",10
2023,6,"P025",163
2023,6,"P026",41
2023,6,"P027",52
2023,6,"P101",1
2023,6,"P104",2
2023,6,"P111",5
2023,6,"P121",1
2023,6,"P123",58
2023,6,"P124",35
2023,6,"P125",55
2023,6,"P126",1
2023,6,"P127",1
2023,6,"P2W",3
2023,7,"GSPS",1
2023,7,"H004",7
2023,7,"H024",1
2023,7,"H025",4
2023,7,"H026",9
2023,7,"H23B",15
2023,7,"M101",4
2023,7,"M104",1
2023,7,"M19A",1
2023,7,"M19B",1
2023,7,"M23B",122
2023,7,"M401",6
2023,7,"P001",176
2023,7,"P003",9
2023,7,"P004",4
2023,7,"P006",15
2023,7,"P007",2
2023,7,"P008",9
2023,7,"P009",98
2023,7,"P011",28
2023,7,"P012",45
2023,7,"P013",94
2023,7,"P014",93
2023,7,"P015",60
2023,7,"P016",32
2023,7,"P017",55
2023,7,"P020",40
2023,7,"P021",8
2023,7,"P022",1
2023,7,"P024",18
2023,7,"P025",207
2023,7,"P026",87
2023,7,"P027",66
2023,7,"P111",5
2023,7,"P121",3
2023,7,"P123",161
2023,7,"P124",97
2023,7,"P125",53
2023,7,"P126",35
2023,7,"P127",30
2023,7,"P29M",6
2023,7,"P2W",2
2023,8,"H023",2
2023,8,"H026",1
2023,8,"H027",4
2023,8,"H23B",3
2023,8,"M094",1
2023,8,"M101",4
2023,8,"M103",2
2023,8,"M145",1
2023,8,"M152",1
2023,8,"M153",3
2023,8,"M19B",17
2023,8,"M23A",22
2023,8,"M23B",124
2023,8,"P001",257
2023,8,"P003",7
2023,8,"P004",6
2023,8,"P006",10
2023,8,"P007",1
2023,8,"P008",8
2023,8,"P009",56
2023,8,"P012",17
2023,8,"P013",100
2023,8,"P014",98
2023,8,"P015",22
2023,8,"P016",19
2023,8,"P017",43
2023,8,"P018",7
2023,8,"P020",222
2023,8,"P025",199
2023,8,"P026",36
2023,8,"P027",14
2023,8,"P028",6
2023,8,"P101",1
2023,8,"P121",8
2023,8,"P123",97
2023,8,"P124",54
2023,8,"P125",8
2023,8,"P126",40
2023,8,"P127",38
2023,8,"P29M",7
2023,8,"P2W",7
2023,9,"M101",5
2023,9,"M104",1
2023,9,"M127",1
2023,9,"M153",4
2023,9,"M19B",11
2023,9,"M23A",5
2023,9,"M23B",10
2023,9,"P001",52
2023,9,"P004",1
2023,9,"P009",2
2023,9,"P012",3
2023,9,"P013",66
2023,9,"P014",33
2023,9,"P015",9
2023,9,"P016",2
2023,9,"P017",36
2023,9,"P020",54
2023,9,"P025",3
2023,9,"P028",11
2023,9,"P123",29
2023,9,"P124",3
2023,9,"P127",1
2023,9,"P29M",6
2023,10,"M19B",11
2023,10,"M23B",1
2023,10,"P013",7
2023,10,"P014",9
2023,10,"P015",4
2023,10,"P020",4
2023,10,"P028",20
2023,10,"P29M",2
2023,11,"M19B",1
2023,11,"P013",2
2023,11,"P014",3
2023,11,"P017",3
2023,11,"P020",4
2023,11,"P028",17
2023,11,"P29M",4
2023,12,"M19A",1
2023,12,"M19B",2
2023,12,"P017",1
2023,12,"P020",3
2023,12,"P028",3
2023,,"H024",1
2023,,"H025",1
2023,,"H027",3
2023,,"M040",1
2023,,"M068",1
2023,,"M104",1
2023,,"M148",1
2023,,"M19A",1
2023,,"M19B",2
2023,,"M23B",2
2023,,"M304",1
2023,,"P001",16
2023,,"P004",1
2023,,"P012",1
2023,,"P014",8
2023,,"P015",2
2023,,"P017",4
2023,,"P020",12
2023,,"P025",6
2023,,"P026",2
2023,,"P104",1
2023,,"P126",4
2023,,"P2W",5
